-36.62109375,-10.7421875,48.33984375,24.90234375,-33.203125
10.25390625,11.71875,13.671875,14.16015625,13.18359375
10.25390625,11.71875,13.671875,14.16015625,13.18359375
10.25390625,11.71875,13.671875,14.16015625,13.18359375
10.25390625,11.71875,13.671875,14.16015625,13.18359375
10.25390625,11.71875,13.671875,14.16015625,13.18359375
-9.765625,-24.90234375,-7.32421875,-5.37109375,-11.23046875
16.11328125,11.71875,9.765625,8.7890625,6.8359375
16.11328125,11.71875,9.765625,8.7890625,6.8359375
16.11328125,11.71875,9.765625,8.7890625,6.8359375
16.11328125,11.71875,9.765625,8.7890625,6.8359375
16.11328125,11.71875,9.765625,8.7890625,6.8359375
16.11328125,11.71875,9.765625,8.7890625,6.8359375
16.11328125,11.71875,9.765625,8.7890625,6.8359375
21.97265625,-9.765625,-19.04296875,5.859375,21.97265625
8.30078125,25.87890625,20.99609375,0.9765625,4.39453125
8.30078125,25.87890625,20.99609375,0.9765625,4.39453125
8.30078125,25.87890625,20.99609375,0.9765625,4.39453125
11.71875,8.7890625,3.41796875,2.44140625,7.32421875
11.71875,8.7890625,3.41796875,2.44140625,7.32421875
11.71875,8.7890625,3.41796875,2.44140625,7.32421875
11.71875,8.7890625,3.41796875,2.44140625,7.32421875
11.71875,8.7890625,3.41796875,2.44140625,7.32421875
11.71875,8.7890625,3.41796875,2.44140625,7.32421875
7.8125,3.41796875,6.8359375,5.37109375,3.90625
7.8125,3.41796875,6.8359375,5.37109375,3.90625
7.8125,3.41796875,6.8359375,5.37109375,3.90625
7.8125,3.41796875,6.8359375,5.37109375,3.90625
7.8125,3.41796875,6.8359375,5.37109375,3.90625
7.8125,3.41796875,6.8359375,5.37109375,3.90625
-16.6015625,-36.1328125,-37.59765625,-31.73828125,-28.80859375
-2.44140625,18.5546875,14.6484375,-6.34765625,1.953125
-2.44140625,18.5546875,14.6484375,-6.34765625,1.953125
-2.44140625,18.5546875,14.6484375,-6.34765625,1.953125
-2.44140625,18.5546875,14.6484375,-6.34765625,1.953125
1.46484375,4.8828125,9.27734375,8.30078125,11.23046875
1.46484375,4.8828125,9.27734375,8.30078125,11.23046875
1.46484375,4.8828125,9.27734375,8.30078125,11.23046875
1.46484375,4.8828125,9.27734375,8.30078125,11.23046875
1.46484375,4.8828125,9.27734375,8.30078125,11.23046875
1.46484375,4.8828125,9.27734375,8.30078125,11.23046875
2.9296875,1.46484375,3.41796875,3.90625,6.34765625
2.9296875,1.46484375,3.41796875,3.90625,6.34765625
2.9296875,1.46484375,3.41796875,3.90625,6.34765625
2.9296875,1.46484375,3.41796875,3.90625,6.34765625
2.9296875,1.46484375,3.41796875,3.90625,6.34765625
2.9296875,1.46484375,3.41796875,3.90625,6.34765625
2.9296875,1.46484375,3.41796875,3.90625,6.34765625
-3.90625,-11.71875,0.48828125,16.11328125,8.7890625
-3.90625,-11.71875,0.48828125,16.11328125,8.7890625
-3.90625,-11.71875,0.48828125,16.11328125,8.7890625
-3.90625,-11.71875,0.48828125,16.11328125,8.7890625
-3.90625,-11.71875,0.48828125,16.11328125,8.7890625
13.671875,12.20703125,5.37109375,3.90625,10.25390625
13.671875,12.20703125,5.37109375,3.90625,10.25390625
13.671875,12.20703125,5.37109375,3.90625,10.25390625
13.671875,12.20703125,5.37109375,3.90625,10.25390625
13.671875,12.20703125,5.37109375,3.90625,10.25390625
13.671875,12.20703125,5.37109375,3.90625,10.25390625
11.71875,11.23046875,12.6953125,12.20703125,11.71875
11.71875,11.23046875,12.6953125,12.20703125,11.71875
11.71875,11.23046875,12.6953125,12.20703125,11.71875
11.71875,11.23046875,12.6953125,12.20703125,11.71875
11.71875,11.23046875,12.6953125,12.20703125,11.71875
11.71875,11.23046875,12.6953125,12.20703125,11.71875
8.30078125,8.30078125,0,-1.46484375,12.6953125
8.30078125,8.30078125,0,-1.46484375,12.6953125
8.30078125,8.30078125,0,-1.46484375,12.6953125
8.30078125,8.30078125,0,-1.46484375,12.6953125
8.30078125,8.30078125,0,-1.46484375,12.6953125
8.30078125,8.30078125,0,-1.46484375,12.6953125
4.8828125,6.34765625,6.8359375,8.7890625,16.11328125
4.8828125,6.34765625,6.8359375,8.7890625,16.11328125
4.8828125,6.34765625,6.8359375,8.7890625,16.11328125
4.8828125,6.34765625,6.8359375,8.7890625,16.11328125
4.8828125,6.34765625,6.8359375,8.7890625,16.11328125
4.8828125,6.34765625,6.8359375,8.7890625,16.11328125
13.671875,13.18359375,16.6015625,11.71875,13.18359375
13.671875,13.18359375,16.6015625,11.71875,13.18359375
13.671875,13.18359375,16.6015625,11.71875,13.18359375
13.671875,13.18359375,16.6015625,11.71875,13.18359375
13.671875,13.18359375,16.6015625,11.71875,13.18359375
13.671875,13.18359375,16.6015625,11.71875,13.18359375
3.41796875,9.27734375,16.11328125,17.08984375,10.7421875
3.41796875,9.27734375,16.11328125,17.08984375,10.7421875
3.41796875,9.27734375,16.11328125,17.08984375,10.7421875
3.41796875,9.27734375,16.11328125,17.08984375,10.7421875
11.23046875,5.37109375,4.8828125,13.18359375,15.13671875
11.23046875,5.37109375,4.8828125,13.18359375,15.13671875
11.23046875,5.37109375,4.8828125,13.18359375,15.13671875
11.23046875,5.37109375,4.8828125,13.18359375,15.13671875
11.23046875,5.37109375,4.8828125,13.18359375,15.13671875
11.23046875,5.37109375,4.8828125,13.18359375,15.13671875
11.23046875,5.37109375,4.8828125,13.18359375,15.13671875
11.23046875,5.37109375,4.8828125,13.18359375,15.13671875
-1.46484375,-0.48828125,0.48828125,-0.48828125,0.9765625
-1.46484375,-0.48828125,0.48828125,-0.48828125,0.9765625
-1.46484375,-0.48828125,0.48828125,-0.48828125,0.9765625
-1.46484375,-0.48828125,0.48828125,-0.48828125,0.9765625
-1.46484375,-0.48828125,0.48828125,-0.48828125,0.9765625
-1.46484375,-0.48828125,0.48828125,-0.48828125,0.9765625
-25.87890625,11.71875,-12.20703125,-65.91796875,-57.6171875
-25.87890625,11.71875,-12.20703125,-65.91796875,-57.6171875
-25.87890625,11.71875,-12.20703125,-65.91796875,-57.6171875
-25.87890625,11.71875,-12.20703125,-65.91796875,-57.6171875
16.11328125,22.4609375,20.99609375,9.27734375,7.32421875
16.11328125,22.4609375,20.99609375,9.27734375,7.32421875
16.11328125,22.4609375,20.99609375,9.27734375,7.32421875
16.11328125,22.4609375,20.99609375,9.27734375,7.32421875
16.11328125,22.4609375,20.99609375,9.27734375,7.32421875
16.11328125,22.4609375,20.99609375,9.27734375,7.32421875
16.11328125,22.4609375,20.99609375,9.27734375,7.32421875
16.11328125,22.4609375,20.99609375,9.27734375,7.32421875
-88.8671875,-63.96484375,-8.7890625,-17.08984375,-43.45703125
-88.8671875,-63.96484375,-8.7890625,-17.08984375,-43.45703125
10.7421875,10.25390625,10.7421875,6.34765625,11.23046875
10.7421875,10.25390625,10.7421875,6.34765625,11.23046875
10.7421875,10.25390625,10.7421875,6.34765625,11.23046875
10.7421875,10.25390625,10.7421875,6.34765625,11.23046875
1.953125,4.39453125,8.30078125,7.8125,7.8125
1.953125,4.39453125,8.30078125,7.8125,7.8125
1.953125,4.39453125,8.30078125,7.8125,7.8125
1.953125,4.39453125,8.30078125,7.8125,7.8125
10.25390625,9.27734375,8.7890625,4.39453125,1.46484375
10.25390625,9.27734375,8.7890625,4.39453125,1.46484375
10.25390625,9.27734375,8.7890625,4.39453125,1.46484375
10.25390625,9.27734375,8.7890625,4.39453125,1.46484375
10.25390625,9.27734375,8.7890625,4.39453125,1.46484375
10.25390625,9.27734375,8.7890625,4.39453125,1.46484375
10.25390625,9.27734375,8.7890625,4.39453125,1.46484375
10.25390625,9.27734375,8.7890625,4.39453125,1.46484375
14.16015625,10.7421875,15.625,16.11328125,16.11328125
14.16015625,10.7421875,15.625,16.11328125,16.11328125
14.16015625,10.7421875,15.625,16.11328125,16.11328125
14.16015625,10.7421875,15.625,16.11328125,16.11328125
14.16015625,10.7421875,15.625,16.11328125,16.11328125
14.16015625,10.7421875,15.625,16.11328125,16.11328125
-9.27734375,-6.34765625,7.8125,14.16015625,4.39453125
-9.27734375,-6.34765625,7.8125,14.16015625,4.39453125
-9.27734375,-6.34765625,7.8125,14.16015625,4.39453125
-9.27734375,-6.34765625,7.8125,14.16015625,4.39453125
2.44140625,-2.44140625,-5.859375,-2.44140625,1.953125
2.44140625,-2.44140625,-5.859375,-2.44140625,1.953125
2.44140625,-2.44140625,-5.859375,-2.44140625,1.953125
2.44140625,-2.44140625,-5.859375,-2.44140625,1.953125
2.44140625,-2.44140625,-5.859375,-2.44140625,1.953125
2.44140625,-2.44140625,-5.859375,-2.44140625,1.953125
2.44140625,-2.44140625,-5.859375,-2.44140625,1.953125
2.44140625,-2.44140625,-5.859375,-2.44140625,1.953125
14.6484375,12.20703125,13.671875,16.6015625,15.625
14.6484375,12.20703125,13.671875,16.6015625,15.625
14.6484375,12.20703125,13.671875,16.6015625,15.625
14.6484375,12.20703125,13.671875,16.6015625,15.625
14.6484375,12.20703125,13.671875,16.6015625,15.625
14.6484375,12.20703125,13.671875,16.6015625,15.625
5.37109375,-3.90625,-8.7890625,-4.39453125,-9.27734375
5.37109375,-3.90625,-8.7890625,-4.39453125,-9.27734375
5.37109375,-3.90625,-8.7890625,-4.39453125,-9.27734375
12.6953125,6.34765625,6.8359375,10.25390625,3.90625
12.6953125,6.34765625,6.8359375,10.25390625,3.90625
12.6953125,6.34765625,6.8359375,10.25390625,3.90625
12.6953125,6.34765625,6.8359375,10.25390625,3.90625
12.6953125,6.34765625,6.8359375,10.25390625,3.90625
12.6953125,6.34765625,6.8359375,10.25390625,3.90625
12.6953125,6.34765625,6.8359375,10.25390625,3.90625
-78.61328125,-81.54296875,-26.3671875,-10.25390625,-50.78125
4.8828125,8.30078125,15.625,18.06640625,20.5078125
5.859375,10.25390625,14.16015625,8.7890625,5.859375
5.859375,10.25390625,14.16015625,8.7890625,5.859375
5.859375,10.25390625,14.16015625,8.7890625,5.859375
5.859375,10.25390625,14.16015625,8.7890625,5.859375
5.859375,10.25390625,14.16015625,8.7890625,5.859375
5.859375,10.25390625,14.16015625,8.7890625,5.859375
-1.953125,-1.46484375,2.9296875,-2.9296875,-10.25390625
-1.953125,-1.46484375,2.9296875,-2.9296875,-10.25390625
14.6484375,14.6484375,14.16015625,10.25390625,8.7890625
14.6484375,14.6484375,14.16015625,10.25390625,8.7890625
14.6484375,14.6484375,14.16015625,10.25390625,8.7890625
14.6484375,14.6484375,14.16015625,10.25390625,8.7890625
14.6484375,14.6484375,14.16015625,10.25390625,8.7890625
14.6484375,14.6484375,14.16015625,10.25390625,8.7890625
14.6484375,14.6484375,14.16015625,10.25390625,8.7890625
14.6484375,14.6484375,14.16015625,10.25390625,8.7890625
10.25390625,9.27734375,8.30078125,7.8125,6.8359375
10.25390625,9.27734375,8.30078125,7.8125,6.8359375
10.25390625,9.27734375,8.30078125,7.8125,6.8359375
10.25390625,9.27734375,8.30078125,7.8125,6.8359375
10.25390625,9.27734375,8.30078125,7.8125,6.8359375
10.25390625,9.27734375,8.30078125,7.8125,6.8359375
10.25390625,9.27734375,8.30078125,7.8125,6.8359375
10.25390625,9.27734375,8.30078125,7.8125,6.8359375
11.71875,0,-4.39453125,-7.8125,-12.20703125
11.71875,0,-4.39453125,-7.8125,-12.20703125
2.44140625,3.41796875,6.34765625,4.39453125,5.859375
2.44140625,3.41796875,6.34765625,4.39453125,5.859375
2.44140625,3.41796875,6.34765625,4.39453125,5.859375
2.44140625,3.41796875,6.34765625,4.39453125,5.859375
2.44140625,3.41796875,6.34765625,4.39453125,5.859375
2.44140625,3.41796875,6.34765625,4.39453125,5.859375
2.44140625,3.41796875,6.34765625,4.39453125,5.859375
2.9296875,1.46484375,2.44140625,6.8359375,13.671875
10.7421875,13.671875,18.06640625,9.765625,7.8125
10.7421875,13.671875,18.06640625,9.765625,7.8125
10.7421875,13.671875,18.06640625,9.765625,7.8125
10.7421875,13.671875,18.06640625,9.765625,7.8125
10.7421875,13.671875,18.06640625,9.765625,7.8125
10.7421875,13.671875,18.06640625,9.765625,7.8125
19.04296875,15.13671875,12.20703125,5.859375,5.859375
19.04296875,15.13671875,12.20703125,5.859375,5.859375
14.16015625,24.90234375,22.4609375,5.37109375,0
14.16015625,24.90234375,22.4609375,5.37109375,0
14.16015625,24.90234375,22.4609375,5.37109375,0
14.16015625,24.90234375,22.4609375,5.37109375,0
13.18359375,12.20703125,16.6015625,15.625,8.7890625
13.18359375,12.20703125,16.6015625,15.625,8.7890625
13.18359375,12.20703125,16.6015625,15.625,8.7890625
13.18359375,12.20703125,16.6015625,15.625,8.7890625
-8.7890625,-20.5078125,-14.16015625,0.9765625,2.44140625
-10.7421875,-3.90625,-8.7890625,-8.30078125,0.48828125
-10.7421875,-3.90625,-8.7890625,-8.30078125,0.48828125
-10.7421875,-3.90625,-8.7890625,-8.30078125,0.48828125
11.23046875,3.90625,-0.48828125,1.46484375,4.8828125
11.23046875,3.90625,-0.48828125,1.46484375,4.8828125
11.23046875,3.90625,-0.48828125,1.46484375,4.8828125
11.23046875,3.90625,-0.48828125,1.46484375,4.8828125
13.671875,10.7421875,11.71875,11.23046875,8.7890625
13.671875,10.7421875,11.71875,11.23046875,8.7890625
13.671875,10.7421875,11.71875,11.23046875,8.7890625
7.8125,6.8359375,6.34765625,6.34765625,13.18359375
7.8125,6.8359375,6.34765625,6.34765625,13.18359375
7.8125,6.8359375,6.34765625,6.34765625,13.18359375
7.8125,6.8359375,6.34765625,6.34765625,13.18359375
7.8125,6.8359375,6.34765625,6.34765625,13.18359375
7.8125,6.8359375,6.34765625,6.34765625,13.18359375
7.8125,6.8359375,6.34765625,6.34765625,13.18359375
0.48828125,-0.48828125,0,1.46484375,7.32421875
13.18359375,16.6015625,19.53125,12.6953125,13.18359375
13.18359375,16.6015625,19.53125,12.6953125,13.18359375
13.18359375,16.6015625,19.53125,12.6953125,13.18359375
13.18359375,16.6015625,19.53125,12.6953125,13.18359375
13.18359375,16.6015625,19.53125,12.6953125,13.18359375
13.18359375,16.6015625,19.53125,12.6953125,13.18359375
14.6484375,28.80859375,26.85546875,20.01953125,24.90234375
13.671875,15.13671875,16.11328125,10.25390625,4.8828125
13.671875,15.13671875,16.11328125,10.25390625,4.8828125
13.671875,15.13671875,16.11328125,10.25390625,4.8828125
13.671875,15.13671875,16.11328125,10.25390625,4.8828125
13.671875,15.13671875,16.11328125,10.25390625,4.8828125
13.671875,15.13671875,16.11328125,10.25390625,4.8828125
13.671875,15.13671875,16.11328125,10.25390625,4.8828125
13.671875,15.13671875,16.11328125,10.25390625,4.8828125
13.671875,15.13671875,16.11328125,10.25390625,4.8828125
-4.8828125,-2.9296875,4.8828125,6.34765625,2.44140625
5.37109375,4.8828125,13.671875,15.625,11.23046875
5.37109375,4.8828125,13.671875,15.625,11.23046875
5.37109375,4.8828125,13.671875,15.625,11.23046875
5.37109375,4.8828125,13.671875,15.625,11.23046875
5.37109375,4.8828125,13.671875,15.625,11.23046875
5.37109375,4.8828125,13.671875,15.625,11.23046875
5.37109375,4.8828125,13.671875,15.625,11.23046875
13.671875,-4.8828125,29.78515625,36.1328125,10.7421875
13.671875,-4.8828125,29.78515625,36.1328125,10.7421875
13.671875,-4.8828125,29.78515625,36.1328125,10.7421875
11.23046875,12.6953125,16.11328125,9.765625,5.37109375
11.23046875,12.6953125,16.11328125,9.765625,5.37109375
11.23046875,12.6953125,16.11328125,9.765625,5.37109375
11.23046875,12.6953125,16.11328125,9.765625,5.37109375
11.23046875,12.6953125,16.11328125,9.765625,5.37109375
11.23046875,12.6953125,16.11328125,9.765625,5.37109375
11.23046875,12.6953125,16.11328125,9.765625,5.37109375
10.25390625,2.44140625,1.953125,1.953125,0.48828125
12.6953125,11.23046875,12.20703125,10.25390625,14.6484375
12.6953125,11.23046875,12.20703125,10.25390625,14.6484375
12.6953125,11.23046875,12.20703125,10.25390625,14.6484375
12.6953125,11.23046875,12.20703125,10.25390625,14.6484375
12.6953125,11.23046875,12.20703125,10.25390625,14.6484375
12.6953125,11.23046875,12.20703125,10.25390625,14.6484375
12.20703125,-16.11328125,-58.59375,-61.03515625,-23.92578125
4.8828125,2.9296875,6.34765625,5.859375,-2.9296875
4.8828125,2.9296875,6.34765625,5.859375,-2.9296875
4.8828125,2.9296875,6.34765625,5.859375,-2.9296875
11.23046875,10.7421875,8.30078125,6.34765625,6.34765625
11.23046875,10.7421875,8.30078125,6.34765625,6.34765625
11.23046875,10.7421875,8.30078125,6.34765625,6.34765625
11.23046875,10.7421875,8.30078125,6.34765625,6.34765625
11.23046875,10.7421875,8.30078125,6.34765625,6.34765625
11.23046875,10.7421875,8.30078125,6.34765625,6.34765625
-15.13671875,11.71875,18.06640625,-22.94921875,-7.8125
16.6015625,18.5546875,18.06640625,5.859375,3.41796875
16.6015625,18.5546875,18.06640625,5.859375,3.41796875
16.6015625,18.5546875,18.06640625,5.859375,3.41796875
16.6015625,18.5546875,18.06640625,5.859375,3.41796875
16.6015625,18.5546875,18.06640625,5.859375,3.41796875
16.6015625,18.5546875,18.06640625,5.859375,3.41796875
16.6015625,18.5546875,18.06640625,5.859375,3.41796875
2.44140625,-0.48828125,-7.32421875,-4.39453125,0
2.44140625,-0.48828125,-7.32421875,-4.39453125,0
2.44140625,-0.48828125,-7.32421875,-4.39453125,0
2.44140625,-0.48828125,-7.32421875,-4.39453125,0
3.90625,3.41796875,5.859375,4.39453125,4.39453125
3.90625,3.41796875,5.859375,4.39453125,4.39453125
3.90625,3.41796875,5.859375,4.39453125,4.39453125
3.90625,3.41796875,5.859375,4.39453125,4.39453125
3.90625,3.41796875,5.859375,4.39453125,4.39453125
3.90625,3.41796875,5.859375,4.39453125,4.39453125
4.8828125,2.44140625,3.90625,3.90625,3.41796875
4.8828125,2.44140625,3.90625,3.90625,3.41796875
4.8828125,2.44140625,3.90625,3.90625,3.41796875
4.8828125,2.44140625,3.90625,3.90625,3.41796875
4.8828125,2.44140625,3.90625,3.90625,3.41796875
4.8828125,2.44140625,3.90625,3.90625,3.41796875
4.8828125,2.44140625,3.90625,3.90625,3.41796875
4.8828125,2.44140625,3.90625,3.90625,3.41796875
-17.578125,-18.06640625,-12.20703125,-6.34765625,-7.8125
2.44140625,1.953125,0.48828125,3.90625,1.953125
2.44140625,1.953125,0.48828125,3.90625,1.953125
2.44140625,1.953125,0.48828125,3.90625,1.953125
2.44140625,1.953125,0.48828125,3.90625,1.953125
2.44140625,1.953125,0.48828125,3.90625,1.953125
2.44140625,1.953125,0.48828125,3.90625,1.953125
2.44140625,1.953125,0.48828125,3.90625,1.953125
2.44140625,1.953125,0.48828125,3.90625,1.953125
2.44140625,1.953125,0.48828125,3.90625,1.953125
2.44140625,1.953125,0.48828125,3.90625,1.953125
-17.578125,-48.33984375,-64.94140625,-58.10546875,-17.08984375
5.37109375,6.34765625,10.7421875,12.6953125,15.625
5.37109375,6.34765625,10.7421875,12.6953125,15.625
5.37109375,6.34765625,10.7421875,12.6953125,15.625
5.37109375,6.34765625,10.7421875,12.6953125,15.625
5.37109375,6.34765625,10.7421875,12.6953125,15.625
5.37109375,6.34765625,10.7421875,12.6953125,15.625
3.90625,7.8125,0.9765625,7.8125,17.08984375
4.39453125,13.18359375,8.7890625,-1.46484375,-2.44140625
4.39453125,13.18359375,8.7890625,-1.46484375,-2.44140625
4.39453125,13.18359375,8.7890625,-1.46484375,-2.44140625
4.39453125,13.18359375,8.7890625,-1.46484375,-2.44140625
4.39453125,13.18359375,8.7890625,-1.46484375,-2.44140625
4.39453125,13.18359375,8.7890625,-1.46484375,-2.44140625
4.39453125,13.18359375,8.7890625,-1.46484375,-2.44140625
4.39453125,13.18359375,8.7890625,-1.46484375,-2.44140625
4.39453125,13.18359375,8.7890625,-1.46484375,-2.44140625
4.39453125,13.18359375,8.7890625,-1.46484375,-2.44140625
4.8828125,11.71875,13.671875,9.27734375,3.90625
4.8828125,11.71875,13.671875,9.27734375,3.90625
4.8828125,11.71875,13.671875,9.27734375,3.90625
4.8828125,11.71875,13.671875,9.27734375,3.90625
4.8828125,11.71875,13.671875,9.27734375,3.90625
4.8828125,11.71875,13.671875,9.27734375,3.90625
4.8828125,11.71875,13.671875,9.27734375,3.90625
7.8125,8.7890625,3.90625,6.8359375,9.765625
7.8125,8.7890625,3.90625,6.8359375,9.765625
7.8125,8.7890625,3.90625,6.8359375,9.765625
7.8125,8.7890625,3.90625,6.8359375,9.765625
11.23046875,11.71875,8.7890625,2.44140625,2.44140625
11.23046875,11.71875,8.7890625,2.44140625,2.44140625
11.23046875,11.71875,8.7890625,2.44140625,2.44140625
11.23046875,11.71875,8.7890625,2.44140625,2.44140625
11.23046875,11.71875,8.7890625,2.44140625,2.44140625
11.23046875,11.71875,8.7890625,2.44140625,2.44140625
2.44140625,5.37109375,7.8125,-1.953125,0
7.8125,4.39453125,2.9296875,0,-1.953125
7.8125,4.39453125,2.9296875,0,-1.953125
7.8125,4.39453125,2.9296875,0,-1.953125
7.8125,4.39453125,2.9296875,0,-1.953125
7.8125,4.39453125,2.9296875,0,-1.953125
7.8125,4.39453125,2.9296875,0,-1.953125
1.46484375,-0.9765625,-0.48828125,6.8359375,19.53125
10.7421875,12.20703125,10.25390625,12.20703125,22.94921875
10.7421875,12.20703125,10.25390625,12.20703125,22.94921875
10.7421875,12.20703125,10.25390625,12.20703125,22.94921875
10.7421875,12.20703125,10.25390625,12.20703125,22.94921875
5.859375,3.90625,-3.41796875,-0.48828125,11.71875
5.859375,3.90625,-3.41796875,-0.48828125,11.71875
5.859375,3.90625,-3.41796875,-0.48828125,11.71875
5.859375,3.90625,-3.41796875,-0.48828125,11.71875
5.859375,3.90625,-3.41796875,-0.48828125,11.71875
5.859375,3.90625,-3.41796875,-0.48828125,11.71875
12.6953125,9.765625,8.30078125,4.8828125,5.37109375
12.6953125,9.765625,8.30078125,4.8828125,5.37109375
12.6953125,9.765625,8.30078125,4.8828125,5.37109375
12.6953125,9.765625,8.30078125,4.8828125,5.37109375
12.6953125,9.765625,8.30078125,4.8828125,5.37109375
12.6953125,9.765625,8.30078125,4.8828125,5.37109375
12.6953125,9.765625,8.30078125,4.8828125,5.37109375
6.8359375,5.859375,-0.9765625,2.44140625,8.7890625
6.8359375,5.859375,-0.9765625,2.44140625,8.7890625
6.8359375,5.859375,-0.9765625,2.44140625,8.7890625
6.8359375,5.859375,-0.9765625,2.44140625,8.7890625
6.8359375,5.859375,-0.9765625,2.44140625,8.7890625
13.671875,11.71875,4.8828125,-0.48828125,0.48828125
13.671875,11.71875,4.8828125,-0.48828125,0.48828125
13.671875,11.71875,4.8828125,-0.48828125,0.48828125
13.671875,11.71875,4.8828125,-0.48828125,0.48828125
13.671875,11.71875,4.8828125,-0.48828125,0.48828125
13.671875,11.71875,4.8828125,-0.48828125,0.48828125
11.23046875,15.13671875,16.11328125,10.7421875,5.37109375
11.23046875,15.13671875,16.11328125,10.7421875,5.37109375
11.23046875,15.13671875,16.11328125,10.7421875,5.37109375
11.23046875,15.13671875,16.11328125,10.7421875,5.37109375
11.23046875,15.13671875,16.11328125,10.7421875,5.37109375
11.23046875,15.13671875,16.11328125,10.7421875,5.37109375
12.20703125,9.27734375,11.23046875,5.37109375,4.8828125
16.6015625,13.671875,10.7421875,6.34765625,11.71875
16.6015625,13.671875,10.7421875,6.34765625,11.71875
16.6015625,13.671875,10.7421875,6.34765625,11.71875
16.6015625,13.671875,10.7421875,6.34765625,11.71875
16.6015625,13.671875,10.7421875,6.34765625,11.71875
16.6015625,13.671875,10.7421875,6.34765625,11.71875
16.6015625,13.671875,10.7421875,6.34765625,11.71875
16.6015625,13.671875,10.7421875,6.34765625,11.71875
16.6015625,13.671875,10.7421875,6.34765625,11.71875
16.6015625,13.671875,10.7421875,6.34765625,11.71875
16.6015625,13.671875,10.7421875,6.34765625,11.71875
9.765625,-34.1796875,-39.55078125,4.39453125,27.83203125
9.765625,-34.1796875,-39.55078125,4.39453125,27.83203125
9.765625,-34.1796875,-39.55078125,4.39453125,27.83203125
9.27734375,0.9765625,2.44140625,15.13671875,15.625
9.27734375,0.9765625,2.44140625,15.13671875,15.625
9.27734375,0.9765625,2.44140625,15.13671875,15.625
16.6015625,18.5546875,15.625,12.20703125,14.16015625
16.6015625,18.5546875,15.625,12.20703125,14.16015625
16.6015625,18.5546875,15.625,12.20703125,14.16015625
16.6015625,18.5546875,15.625,12.20703125,14.16015625
16.6015625,18.5546875,15.625,12.20703125,14.16015625
16.6015625,18.5546875,15.625,12.20703125,14.16015625
16.6015625,18.5546875,15.625,12.20703125,14.16015625
16.6015625,18.5546875,15.625,12.20703125,14.16015625
16.6015625,18.5546875,15.625,12.20703125,14.16015625
16.6015625,18.5546875,15.625,12.20703125,14.16015625
16.6015625,18.5546875,15.625,12.20703125,14.16015625
16.6015625,18.5546875,15.625,12.20703125,14.16015625
8.30078125,2.9296875,-3.41796875,-5.37109375,0.48828125
8.30078125,2.9296875,-3.41796875,-5.37109375,0.48828125
8.30078125,2.9296875,-3.41796875,-5.37109375,0.48828125
8.30078125,2.9296875,-3.41796875,-5.37109375,0.48828125
8.30078125,2.9296875,-3.41796875,-5.37109375,0.48828125
8.30078125,2.9296875,-3.41796875,-5.37109375,0.48828125
10.7421875,12.20703125,5.859375,1.953125,1.46484375
10.7421875,12.20703125,5.859375,1.953125,1.46484375
10.7421875,12.20703125,5.859375,1.953125,1.46484375
10.7421875,12.20703125,5.859375,1.953125,1.46484375
2.44140625,7.8125,7.8125,3.90625,1.953125
2.44140625,7.8125,7.8125,3.90625,1.953125
2.44140625,7.8125,7.8125,3.90625,1.953125
2.44140625,7.8125,7.8125,3.90625,1.953125
2.44140625,7.8125,7.8125,3.90625,1.953125
2.44140625,7.8125,7.8125,3.90625,1.953125
2.44140625,7.8125,7.8125,3.90625,1.953125
2.44140625,7.8125,7.8125,3.90625,1.953125
8.7890625,3.90625,0.9765625,4.39453125,4.8828125
8.7890625,3.90625,0.9765625,4.39453125,4.8828125
8.7890625,3.90625,0.9765625,4.39453125,4.8828125
8.7890625,3.90625,0.9765625,4.39453125,4.8828125
8.7890625,3.90625,0.9765625,4.39453125,4.8828125
8.7890625,3.90625,0.9765625,4.39453125,4.8828125
7.8125,9.765625,3.41796875,4.39453125,3.90625
7.8125,9.765625,3.41796875,4.39453125,3.90625
7.8125,9.765625,3.41796875,4.39453125,3.90625
9.765625,13.671875,13.671875,12.20703125,11.23046875
9.765625,13.671875,13.671875,12.20703125,11.23046875
9.765625,13.671875,13.671875,12.20703125,11.23046875
9.765625,13.671875,13.671875,12.20703125,11.23046875
9.765625,13.671875,13.671875,12.20703125,11.23046875
9.765625,13.671875,13.671875,12.20703125,11.23046875
9.765625,13.671875,13.671875,12.20703125,11.23046875
9.765625,13.671875,13.671875,12.20703125,11.23046875
9.765625,13.671875,13.671875,12.20703125,11.23046875
8.7890625,4.8828125,2.9296875,2.9296875,6.34765625
8.7890625,4.8828125,2.9296875,2.9296875,6.34765625
8.7890625,4.8828125,2.9296875,2.9296875,6.34765625
8.7890625,4.8828125,2.9296875,2.9296875,6.34765625
8.7890625,4.8828125,2.9296875,2.9296875,6.34765625
8.7890625,4.8828125,2.9296875,2.9296875,6.34765625
13.18359375,4.39453125,5.37109375,7.32421875,8.30078125
13.18359375,4.39453125,5.37109375,7.32421875,8.30078125
13.18359375,4.39453125,5.37109375,7.32421875,8.30078125
13.18359375,4.39453125,5.37109375,7.32421875,8.30078125
13.18359375,4.39453125,5.37109375,7.32421875,8.30078125
13.18359375,4.39453125,5.37109375,7.32421875,8.30078125
13.18359375,4.39453125,5.37109375,7.32421875,8.30078125
13.18359375,4.39453125,5.37109375,7.32421875,8.30078125
13.18359375,4.39453125,5.37109375,7.32421875,8.30078125
13.18359375,4.39453125,5.37109375,7.32421875,8.30078125
-9.27734375,-3.41796875,-1.953125,0.48828125,6.8359375
-9.27734375,-3.41796875,-1.953125,0.48828125,6.8359375
5.37109375,13.18359375,14.6484375,10.7421875,9.765625
5.37109375,13.18359375,14.6484375,10.7421875,9.765625
5.37109375,13.18359375,14.6484375,10.7421875,9.765625
5.37109375,13.18359375,14.6484375,10.7421875,9.765625
5.37109375,13.18359375,14.6484375,10.7421875,9.765625
5.37109375,13.18359375,14.6484375,10.7421875,9.765625
12.20703125,17.08984375,17.578125,11.23046875,5.859375
12.20703125,17.08984375,17.578125,11.23046875,5.859375
12.20703125,17.08984375,17.578125,11.23046875,5.859375
12.20703125,17.08984375,17.578125,11.23046875,5.859375
12.20703125,17.08984375,17.578125,11.23046875,5.859375
12.20703125,17.08984375,17.578125,11.23046875,5.859375
12.20703125,17.08984375,17.578125,11.23046875,5.859375
12.20703125,17.08984375,17.578125,11.23046875,5.859375
12.20703125,17.08984375,17.578125,11.23046875,5.859375
-8.7890625,-16.11328125,-16.11328125,-7.32421875,-3.41796875
7.8125,7.8125,7.8125,6.8359375,11.71875
7.8125,7.8125,7.8125,6.8359375,11.71875
7.8125,7.8125,7.8125,6.8359375,11.71875
7.8125,7.8125,7.8125,6.8359375,11.71875
7.8125,7.8125,7.8125,6.8359375,11.71875
7.8125,7.8125,7.8125,6.8359375,11.71875
7.8125,7.8125,7.8125,6.8359375,11.71875
7.8125,7.8125,7.8125,6.8359375,11.71875
17.578125,16.6015625,21.484375,21.97265625,22.4609375
17.578125,16.6015625,21.484375,21.97265625,22.4609375
17.578125,16.6015625,21.484375,21.97265625,22.4609375
17.578125,16.6015625,21.484375,21.97265625,22.4609375
17.578125,16.6015625,21.484375,21.97265625,22.4609375
17.578125,16.6015625,21.484375,21.97265625,22.4609375
17.578125,16.6015625,21.484375,21.97265625,22.4609375
17.578125,16.6015625,21.484375,21.97265625,22.4609375
17.578125,16.6015625,21.484375,21.97265625,22.4609375
-0.9765625,-1.46484375,-16.11328125,-25.87890625,-18.06640625
8.7890625,8.7890625,3.41796875,0,0.48828125
8.7890625,8.7890625,3.41796875,0,0.48828125
8.7890625,8.7890625,3.41796875,0,0.48828125
8.7890625,8.7890625,3.41796875,0,0.48828125
8.7890625,8.7890625,3.41796875,0,0.48828125
8.7890625,8.7890625,3.41796875,0,0.48828125
13.671875,17.578125,18.5546875,14.16015625,15.625
13.671875,17.578125,18.5546875,14.16015625,15.625
10.7421875,12.20703125,6.34765625,5.859375,15.13671875
7.32421875,8.30078125,2.9296875,-2.44140625,-0.48828125
7.32421875,8.30078125,2.9296875,-2.44140625,-0.48828125
7.32421875,8.30078125,2.9296875,-2.44140625,-0.48828125
7.32421875,8.30078125,2.9296875,-2.44140625,-0.48828125
7.32421875,8.30078125,2.9296875,-2.44140625,-0.48828125
7.32421875,8.30078125,2.9296875,-2.44140625,-0.48828125
7.32421875,8.30078125,2.9296875,-2.44140625,-0.48828125
8.7890625,8.7890625,7.32421875,8.7890625,10.25390625
11.71875,16.6015625,17.08984375,13.671875,14.16015625
11.71875,16.6015625,17.08984375,13.671875,14.16015625
11.71875,16.6015625,17.08984375,13.671875,14.16015625
11.71875,16.6015625,17.08984375,13.671875,14.16015625
11.71875,16.6015625,17.08984375,13.671875,14.16015625
11.71875,16.6015625,17.08984375,13.671875,14.16015625
11.71875,16.6015625,17.08984375,13.671875,14.16015625
7.32421875,4.8828125,7.32421875,11.23046875,10.25390625
7.32421875,4.8828125,7.32421875,11.23046875,10.25390625
7.32421875,4.8828125,7.32421875,11.23046875,10.25390625
7.32421875,4.8828125,7.32421875,11.23046875,10.25390625
7.32421875,4.8828125,7.32421875,11.23046875,10.25390625
7.32421875,4.8828125,7.32421875,11.23046875,10.25390625
7.32421875,4.8828125,7.32421875,11.23046875,10.25390625
7.32421875,4.8828125,7.32421875,11.23046875,10.25390625
7.32421875,4.8828125,7.32421875,11.23046875,10.25390625
7.32421875,4.8828125,7.32421875,11.23046875,10.25390625
9.765625,4.8828125,4.39453125,4.39453125,2.9296875
10.7421875,5.859375,2.9296875,6.34765625,13.18359375
10.7421875,5.859375,2.9296875,6.34765625,13.18359375
10.7421875,5.859375,2.9296875,6.34765625,13.18359375
10.7421875,5.859375,2.9296875,6.34765625,13.18359375
10.7421875,5.859375,2.9296875,6.34765625,13.18359375
10.7421875,5.859375,2.9296875,6.34765625,13.18359375
39.0625,46.875,4.39453125,-17.578125,32.71484375
12.6953125,9.765625,8.7890625,5.859375,10.7421875
12.6953125,9.765625,8.7890625,5.859375,10.7421875
12.6953125,9.765625,8.7890625,5.859375,10.7421875
12.6953125,9.765625,8.7890625,5.859375,10.7421875
12.6953125,9.765625,8.7890625,5.859375,10.7421875
12.6953125,9.765625,8.7890625,5.859375,10.7421875
12.6953125,9.765625,8.7890625,5.859375,10.7421875
12.6953125,9.765625,8.7890625,5.859375,10.7421875
12.6953125,9.765625,8.7890625,5.859375,10.7421875
-36.1328125,4.8828125,21.97265625,-15.13671875,-18.5546875
1.953125,5.37109375,11.23046875,10.7421875,2.44140625
1.953125,5.37109375,11.23046875,10.7421875,2.44140625
1.953125,5.37109375,11.23046875,10.7421875,2.44140625
1.953125,5.37109375,11.23046875,10.7421875,2.44140625
1.953125,5.37109375,11.23046875,10.7421875,2.44140625
1.953125,5.37109375,11.23046875,10.7421875,2.44140625
1.953125,5.37109375,11.23046875,10.7421875,2.44140625
5.37109375,8.7890625,9.27734375,10.7421875,12.6953125
5.37109375,8.7890625,9.27734375,10.7421875,12.6953125
5.37109375,8.7890625,9.27734375,10.7421875,12.6953125
5.37109375,8.7890625,9.27734375,10.7421875,12.6953125
5.37109375,8.7890625,9.27734375,10.7421875,12.6953125
5.37109375,8.7890625,9.27734375,10.7421875,12.6953125
5.37109375,8.7890625,9.27734375,10.7421875,12.6953125
5.37109375,8.7890625,9.27734375,10.7421875,12.6953125
5.37109375,8.7890625,9.27734375,10.7421875,12.6953125
5.37109375,8.7890625,9.27734375,10.7421875,12.6953125
5.859375,6.34765625,8.30078125,7.8125,5.37109375
5.859375,6.34765625,8.30078125,7.8125,5.37109375
5.859375,6.34765625,8.30078125,7.8125,5.37109375
5.859375,6.34765625,8.30078125,7.8125,5.37109375
5.859375,6.34765625,8.30078125,7.8125,5.37109375
5.859375,6.34765625,8.30078125,7.8125,5.37109375
5.859375,6.34765625,8.30078125,7.8125,5.37109375
-1.953125,-0.48828125,1.46484375,-7.8125,-12.20703125
-1.953125,-0.48828125,1.46484375,-7.8125,-12.20703125
-1.953125,-0.48828125,1.46484375,-7.8125,-12.20703125
-1.953125,-0.48828125,1.46484375,-7.8125,-12.20703125
11.71875,12.6953125,10.25390625,8.7890625,11.23046875
11.71875,12.6953125,10.25390625,8.7890625,11.23046875
11.71875,12.6953125,10.25390625,8.7890625,11.23046875
11.71875,12.6953125,10.25390625,8.7890625,11.23046875
11.71875,12.6953125,10.25390625,8.7890625,11.23046875
11.71875,12.6953125,10.25390625,8.7890625,11.23046875
10.25390625,8.30078125,10.7421875,20.01953125,25.87890625
3.41796875,0.9765625,1.46484375,3.90625,6.34765625
3.41796875,0.9765625,1.46484375,3.90625,6.34765625
3.41796875,0.9765625,1.46484375,3.90625,6.34765625
3.41796875,0.9765625,1.46484375,3.90625,6.34765625
3.41796875,0.9765625,1.46484375,3.90625,6.34765625
22.4609375,16.6015625,4.39453125,6.34765625,14.16015625
7.32421875,6.34765625,4.39453125,2.9296875,0.48828125
7.32421875,6.34765625,4.39453125,2.9296875,0.48828125
7.32421875,6.34765625,4.39453125,2.9296875,0.48828125
7.32421875,6.34765625,4.39453125,2.9296875,0.48828125
7.32421875,6.34765625,4.39453125,2.9296875,0.48828125
8.30078125,13.18359375,12.20703125,7.8125,6.34765625
8.30078125,13.18359375,12.20703125,7.8125,6.34765625
8.30078125,13.18359375,12.20703125,7.8125,6.34765625
8.30078125,13.18359375,12.20703125,7.8125,6.34765625
8.30078125,13.18359375,12.20703125,7.8125,6.34765625
8.30078125,13.18359375,12.20703125,7.8125,6.34765625
1.46484375,1.953125,1.953125,3.41796875,4.39453125
1.46484375,1.953125,1.953125,3.41796875,4.39453125
1.46484375,1.953125,1.953125,3.41796875,4.39453125
1.46484375,1.953125,1.953125,3.41796875,4.39453125
1.46484375,1.953125,1.953125,3.41796875,4.39453125
1.46484375,1.953125,1.953125,3.41796875,4.39453125
9.765625,12.6953125,8.30078125,3.41796875,4.8828125
9.765625,12.6953125,8.30078125,3.41796875,4.8828125
9.765625,12.6953125,8.30078125,3.41796875,4.8828125
9.765625,12.6953125,8.30078125,3.41796875,4.8828125
9.765625,12.6953125,8.30078125,3.41796875,4.8828125
9.765625,12.6953125,8.30078125,3.41796875,4.8828125
9.765625,12.6953125,8.30078125,3.41796875,4.8828125
9.765625,12.6953125,8.30078125,3.41796875,4.8828125
9.765625,12.6953125,8.30078125,3.41796875,4.8828125
9.765625,12.6953125,8.30078125,3.41796875,4.8828125
9.765625,12.6953125,8.30078125,3.41796875,4.8828125
1.46484375,-1.46484375,-1.953125,1.46484375,0.9765625
1.46484375,-1.46484375,-1.953125,1.46484375,0.9765625
6.8359375,0.9765625,0.48828125,-2.44140625,-2.9296875
6.8359375,0.9765625,0.48828125,-2.44140625,-2.9296875
6.8359375,0.9765625,0.48828125,-2.44140625,-2.9296875
6.8359375,0.9765625,0.48828125,-2.44140625,-2.9296875
6.8359375,0.9765625,0.48828125,-2.44140625,-2.9296875
6.8359375,0.9765625,0.48828125,-2.44140625,-2.9296875
5.859375,5.859375,2.9296875,2.9296875,6.34765625
5.859375,5.859375,2.9296875,2.9296875,6.34765625
5.859375,5.859375,2.9296875,2.9296875,6.34765625
5.859375,5.859375,2.9296875,2.9296875,6.34765625
5.859375,5.859375,2.9296875,2.9296875,6.34765625
5.859375,5.859375,2.9296875,2.9296875,6.34765625
5.859375,5.859375,2.9296875,2.9296875,6.34765625
5.859375,5.859375,2.9296875,2.9296875,6.34765625
5.859375,5.859375,2.9296875,2.9296875,6.34765625
0.9765625,5.37109375,6.8359375,14.6484375,23.4375
12.20703125,4.8828125,2.9296875,6.8359375,4.8828125
12.20703125,4.8828125,2.9296875,6.8359375,4.8828125
12.20703125,4.8828125,2.9296875,6.8359375,4.8828125
12.20703125,4.8828125,2.9296875,6.8359375,4.8828125
12.20703125,4.8828125,2.9296875,6.8359375,4.8828125
12.20703125,4.8828125,2.9296875,6.8359375,4.8828125
12.20703125,4.8828125,2.9296875,6.8359375,4.8828125
12.20703125,4.8828125,2.9296875,6.8359375,4.8828125
-3.90625,-1.953125,0,-0.48828125,3.90625
-3.90625,-1.953125,0,-0.48828125,3.90625
-3.90625,-1.953125,0,-0.48828125,3.90625
-3.90625,-1.953125,0,-0.48828125,3.90625
-3.90625,-1.953125,0,-0.48828125,3.90625
-3.90625,-1.953125,0,-0.48828125,3.90625
-3.90625,-1.953125,0,-0.48828125,3.90625
-3.90625,-1.953125,0,-0.48828125,3.90625
-6.8359375,-2.9296875,5.859375,-0.9765625,0.9765625
-2.44140625,-1.46484375,8.7890625,16.11328125,17.578125
-2.44140625,-1.46484375,8.7890625,16.11328125,17.578125
-2.44140625,-1.46484375,8.7890625,16.11328125,17.578125
-2.44140625,-1.46484375,8.7890625,16.11328125,17.578125
-2.44140625,-1.46484375,8.7890625,16.11328125,17.578125
-2.44140625,-1.46484375,8.7890625,16.11328125,17.578125
27.83203125,-19.53125,-14.6484375,-1.46484375,-18.5546875
7.8125,7.32421875,5.37109375,5.859375,10.25390625
7.8125,7.32421875,5.37109375,5.859375,10.25390625
7.8125,7.32421875,5.37109375,5.859375,10.25390625
7.8125,7.32421875,5.37109375,5.859375,10.25390625
7.8125,7.32421875,5.37109375,5.859375,10.25390625
7.8125,7.32421875,5.37109375,5.859375,10.25390625
7.8125,7.32421875,5.37109375,5.859375,10.25390625
7.8125,7.32421875,5.37109375,5.859375,10.25390625
7.8125,7.32421875,5.37109375,5.859375,10.25390625
-2.44140625,-37.59765625,-48.33984375,-13.671875,7.32421875
-11.71875,-14.16015625,-10.25390625,2.44140625,11.23046875
-11.71875,-14.16015625,-10.25390625,2.44140625,11.23046875
-11.71875,-14.16015625,-10.25390625,2.44140625,11.23046875
-11.71875,-14.16015625,-10.25390625,2.44140625,11.23046875
1.953125,-0.48828125,-0.48828125,6.8359375,8.7890625
1.953125,-0.48828125,-0.48828125,6.8359375,8.7890625
1.953125,-0.48828125,-0.48828125,6.8359375,8.7890625
3.90625,1.953125,-3.90625,0.9765625,5.859375
3.90625,1.953125,-3.90625,0.9765625,5.859375
3.90625,1.953125,-3.90625,0.9765625,5.859375
6.8359375,9.765625,6.34765625,3.90625,9.765625
6.8359375,9.765625,6.34765625,3.90625,9.765625
6.8359375,9.765625,6.34765625,3.90625,9.765625
6.8359375,9.765625,6.34765625,3.90625,9.765625
6.8359375,9.765625,6.34765625,3.90625,9.765625
6.8359375,9.765625,6.34765625,3.90625,9.765625
6.8359375,8.7890625,7.32421875,4.8828125,1.953125
6.8359375,8.7890625,7.32421875,4.8828125,1.953125
6.8359375,8.7890625,7.32421875,4.8828125,1.953125
6.8359375,8.7890625,7.32421875,4.8828125,1.953125
6.8359375,8.7890625,7.32421875,4.8828125,1.953125
6.8359375,8.7890625,7.32421875,4.8828125,1.953125
6.8359375,8.7890625,7.32421875,4.8828125,1.953125
0.9765625,0.48828125,-1.46484375,-7.8125,-2.44140625
4.8828125,4.39453125,5.37109375,3.41796875,4.39453125
4.8828125,4.39453125,5.37109375,3.41796875,4.39453125
4.8828125,4.39453125,5.37109375,3.41796875,4.39453125
4.8828125,4.39453125,5.37109375,3.41796875,4.39453125
4.8828125,4.39453125,5.37109375,3.41796875,4.39453125
4.8828125,4.39453125,5.37109375,3.41796875,4.39453125
4.8828125,4.39453125,5.37109375,3.41796875,4.39453125
4.8828125,4.39453125,5.37109375,3.41796875,4.39453125
4.8828125,4.39453125,5.37109375,3.41796875,4.39453125
4.8828125,4.39453125,5.37109375,3.41796875,4.39453125
5.37109375,3.41796875,10.7421875,14.16015625,16.6015625
5.37109375,3.41796875,10.7421875,14.16015625,16.6015625
5.37109375,3.41796875,10.7421875,14.16015625,16.6015625
5.37109375,3.41796875,10.7421875,14.16015625,16.6015625
5.37109375,3.41796875,10.7421875,14.16015625,16.6015625
5.37109375,3.41796875,10.7421875,14.16015625,16.6015625
10.25390625,8.7890625,6.34765625,0.9765625,0.48828125
10.25390625,8.7890625,6.34765625,0.9765625,0.48828125
10.25390625,8.7890625,6.34765625,0.9765625,0.48828125
10.25390625,8.7890625,6.34765625,0.9765625,0.48828125
10.25390625,8.7890625,6.34765625,0.9765625,0.48828125
10.25390625,8.7890625,6.34765625,0.9765625,0.48828125
10.25390625,8.7890625,6.34765625,0.9765625,0.48828125
10.25390625,8.7890625,6.34765625,0.9765625,0.48828125
10.25390625,8.7890625,6.34765625,0.9765625,0.48828125
10.25390625,8.7890625,6.34765625,0.9765625,0.48828125
10.25390625,8.7890625,6.34765625,0.9765625,0.48828125
10.25390625,8.7890625,6.34765625,0.9765625,0.48828125
3.41796875,0.9765625,0,0.9765625,3.90625
3.41796875,0.9765625,0,0.9765625,3.90625
3.41796875,0.9765625,0,0.9765625,3.90625
3.41796875,0.9765625,0,0.9765625,3.90625
3.41796875,0.9765625,0,0.9765625,3.90625
3.41796875,0.9765625,0,0.9765625,3.90625
12.6953125,5.37109375,-3.41796875,-3.41796875,0.9765625
12.6953125,5.37109375,-3.41796875,-3.41796875,0.9765625
12.6953125,5.37109375,-3.41796875,-3.41796875,0.9765625
12.6953125,5.37109375,-3.41796875,-3.41796875,0.9765625
12.6953125,5.37109375,-3.41796875,-3.41796875,0.9765625
12.6953125,5.37109375,-3.41796875,-3.41796875,0.9765625
12.6953125,5.37109375,-3.41796875,-3.41796875,0.9765625
12.6953125,5.37109375,-3.41796875,-3.41796875,0.9765625
12.6953125,5.37109375,-3.41796875,-3.41796875,0.9765625
12.6953125,5.37109375,-3.41796875,-3.41796875,0.9765625
12.6953125,5.37109375,-3.41796875,-3.41796875,0.9765625
12.6953125,5.37109375,-3.41796875,-3.41796875,0.9765625
8.30078125,5.37109375,7.8125,9.27734375,-0.48828125
8.30078125,5.37109375,7.8125,9.27734375,-0.48828125
8.30078125,5.37109375,7.8125,9.27734375,-0.48828125
8.30078125,5.37109375,7.8125,9.27734375,-0.48828125
8.30078125,5.37109375,7.8125,9.27734375,-0.48828125
8.30078125,5.37109375,7.8125,9.27734375,-0.48828125
21.97265625,19.04296875,15.13671875,16.11328125,13.18359375
21.97265625,19.04296875,15.13671875,16.11328125,13.18359375
21.97265625,19.04296875,15.13671875,16.11328125,13.18359375
13.671875,12.20703125,5.37109375,4.8828125,3.41796875
13.671875,12.20703125,5.37109375,4.8828125,3.41796875
13.671875,12.20703125,5.37109375,4.8828125,3.41796875
13.671875,12.20703125,5.37109375,4.8828125,3.41796875
13.671875,12.20703125,5.37109375,4.8828125,3.41796875
13.671875,12.20703125,5.37109375,4.8828125,3.41796875
13.671875,12.20703125,5.37109375,4.8828125,3.41796875
13.671875,12.20703125,5.37109375,4.8828125,3.41796875
15.625,9.27734375,11.23046875,18.06640625,15.13671875
9.765625,0,-0.48828125,5.37109375,2.9296875
9.765625,0,-0.48828125,5.37109375,2.9296875
9.765625,0,-0.48828125,5.37109375,2.9296875
9.765625,0,-0.48828125,5.37109375,2.9296875
9.765625,0,-0.48828125,5.37109375,2.9296875
9.765625,0,-0.48828125,5.37109375,2.9296875
6.34765625,5.859375,2.9296875,-0.9765625,3.90625
6.34765625,5.859375,2.9296875,-0.9765625,3.90625
6.34765625,5.859375,2.9296875,-0.9765625,3.90625
6.34765625,5.859375,2.9296875,-0.9765625,3.90625
6.34765625,5.859375,2.9296875,-0.9765625,3.90625
6.34765625,5.859375,2.9296875,-0.9765625,3.90625
6.34765625,5.859375,2.9296875,-0.9765625,3.90625
6.34765625,5.859375,2.9296875,-0.9765625,3.90625
6.34765625,5.859375,2.9296875,-0.9765625,3.90625
6.34765625,5.859375,2.9296875,-0.9765625,3.90625
15.625,7.32421875,9.27734375,9.27734375,4.8828125
15.625,7.32421875,9.27734375,9.27734375,4.8828125
3.41796875,1.953125,2.9296875,4.39453125,5.37109375
3.41796875,1.953125,2.9296875,4.39453125,5.37109375
3.41796875,1.953125,2.9296875,4.39453125,5.37109375
3.41796875,1.953125,2.9296875,4.39453125,5.37109375
3.41796875,1.953125,2.9296875,4.39453125,5.37109375
3.41796875,1.953125,2.9296875,4.39453125,5.37109375
2.9296875,1.953125,-1.46484375,-2.9296875,4.39453125
2.9296875,1.953125,-1.46484375,-2.9296875,4.39453125
2.9296875,1.953125,-1.46484375,-2.9296875,4.39453125
2.9296875,1.953125,-1.46484375,-2.9296875,4.39453125
2.9296875,1.953125,-1.46484375,-2.9296875,4.39453125
2.9296875,1.953125,-1.46484375,-2.9296875,4.39453125
2.9296875,1.953125,-1.46484375,-2.9296875,4.39453125
2.9296875,1.953125,-1.46484375,-2.9296875,4.39453125
2.9296875,1.953125,-1.46484375,-2.9296875,4.39453125
11.71875,15.13671875,17.578125,17.578125,10.25390625
13.18359375,5.37109375,9.765625,15.13671875,16.11328125
13.18359375,5.37109375,9.765625,15.13671875,16.11328125
13.18359375,5.37109375,9.765625,15.13671875,16.11328125
13.18359375,5.37109375,9.765625,15.13671875,16.11328125
13.18359375,5.37109375,9.765625,15.13671875,16.11328125
13.18359375,5.37109375,9.765625,15.13671875,16.11328125
13.18359375,5.37109375,9.765625,15.13671875,16.11328125
13.18359375,5.37109375,9.765625,15.13671875,16.11328125
8.7890625,6.8359375,4.8828125,4.39453125,3.41796875
8.7890625,6.8359375,4.8828125,4.39453125,3.41796875
8.7890625,6.8359375,4.8828125,4.39453125,3.41796875
8.7890625,6.8359375,4.8828125,4.39453125,3.41796875
8.7890625,6.8359375,4.8828125,4.39453125,3.41796875
8.7890625,6.8359375,4.8828125,4.39453125,3.41796875
8.7890625,6.8359375,4.8828125,4.39453125,3.41796875
8.7890625,6.8359375,4.8828125,4.39453125,3.41796875
8.7890625,6.8359375,4.8828125,4.39453125,3.41796875
6.8359375,-1.953125,-4.8828125,1.46484375,8.30078125
6.8359375,-1.953125,-4.8828125,1.46484375,8.30078125
6.8359375,-1.953125,-4.8828125,1.46484375,8.30078125
6.8359375,-1.953125,-4.8828125,1.46484375,8.30078125
6.8359375,-1.953125,-4.8828125,1.46484375,8.30078125
6.8359375,-1.953125,-4.8828125,1.46484375,8.30078125
6.8359375,-1.953125,-4.8828125,1.46484375,8.30078125
64.453125,65.4296875,27.34375,-0.48828125,37.59765625
10.25390625,-7.8125,-11.23046875,0.48828125,-0.9765625
3.90625,-0.9765625,-7.32421875,-8.30078125,0.48828125
3.90625,-0.9765625,-7.32421875,-8.30078125,0.48828125
3.90625,-0.9765625,-7.32421875,-8.30078125,0.48828125
3.90625,-0.9765625,-7.32421875,-8.30078125,0.48828125
3.90625,-0.9765625,-7.32421875,-8.30078125,0.48828125
3.90625,-0.9765625,-7.32421875,-8.30078125,0.48828125
3.90625,-0.9765625,-7.32421875,-8.30078125,0.48828125
3.90625,-0.9765625,-7.32421875,-8.30078125,0.48828125
10.7421875,44.921875,65.91796875,29.296875,13.671875
0.48828125,3.41796875,7.8125,10.7421875,10.7421875
0.48828125,3.41796875,7.8125,10.7421875,10.7421875
0.48828125,3.41796875,7.8125,10.7421875,10.7421875
0.48828125,3.41796875,7.8125,10.7421875,10.7421875
0.48828125,3.41796875,7.8125,10.7421875,10.7421875
0.48828125,3.41796875,7.8125,10.7421875,10.7421875
0.48828125,3.41796875,7.8125,10.7421875,10.7421875
-0.48828125,2.44140625,1.953125,1.953125,1.46484375
-0.48828125,2.44140625,1.953125,1.953125,1.46484375
-0.48828125,2.44140625,1.953125,1.953125,1.46484375
6.34765625,6.34765625,7.8125,6.8359375,3.41796875
6.34765625,6.34765625,7.8125,6.8359375,3.41796875
6.34765625,6.34765625,7.8125,6.8359375,3.41796875
6.34765625,6.34765625,7.8125,6.8359375,3.41796875
6.34765625,6.34765625,7.8125,6.8359375,3.41796875
6.34765625,6.34765625,7.8125,6.8359375,3.41796875
6.34765625,6.34765625,7.8125,6.8359375,3.41796875
4.39453125,10.7421875,14.6484375,11.23046875,15.625
4.39453125,10.7421875,14.6484375,11.23046875,15.625
4.39453125,10.7421875,14.6484375,11.23046875,15.625
4.39453125,10.7421875,14.6484375,11.23046875,15.625
11.71875,7.8125,8.7890625,7.8125,4.39453125
11.71875,7.8125,8.7890625,7.8125,4.39453125
4.8828125,9.27734375,8.7890625,5.37109375,-1.46484375
10.7421875,9.765625,8.30078125,5.859375,1.953125
10.7421875,9.765625,8.30078125,5.859375,1.953125
10.7421875,9.765625,8.30078125,5.859375,1.953125
10.7421875,9.765625,8.30078125,5.859375,1.953125
10.7421875,9.765625,8.30078125,5.859375,1.953125
10.7421875,9.765625,8.30078125,5.859375,1.953125
10.7421875,9.765625,8.30078125,5.859375,1.953125
10.7421875,9.765625,8.30078125,5.859375,1.953125
10.7421875,9.765625,8.30078125,5.859375,1.953125
-12.20703125,-11.71875,0,5.37109375,6.34765625
-8.7890625,-6.34765625,-6.34765625,-7.32421875,-3.41796875
-8.7890625,-6.34765625,-6.34765625,-7.32421875,-3.41796875
-8.7890625,-6.34765625,-6.34765625,-7.32421875,-3.41796875
-8.7890625,-6.34765625,-6.34765625,-7.32421875,-3.41796875
-8.7890625,-6.34765625,-6.34765625,-7.32421875,-3.41796875
-8.7890625,-6.34765625,-6.34765625,-7.32421875,-3.41796875
-8.7890625,-6.34765625,-6.34765625,-7.32421875,-3.41796875
-8.7890625,-6.34765625,-6.34765625,-7.32421875,-3.41796875
3.41796875,6.34765625,7.32421875,5.37109375,4.39453125
3.41796875,6.34765625,7.32421875,5.37109375,4.39453125
3.41796875,6.34765625,7.32421875,5.37109375,4.39453125
3.41796875,6.34765625,7.32421875,5.37109375,4.39453125
3.41796875,6.34765625,7.32421875,5.37109375,4.39453125
3.41796875,6.34765625,7.32421875,5.37109375,4.39453125
3.41796875,6.34765625,7.32421875,5.37109375,4.39453125
3.41796875,6.34765625,7.32421875,5.37109375,4.39453125
3.41796875,6.34765625,7.32421875,5.37109375,4.39453125
16.11328125,19.04296875,17.08984375,17.578125,14.16015625
16.11328125,19.04296875,17.08984375,17.578125,14.16015625
16.11328125,19.04296875,17.08984375,17.578125,14.16015625
16.11328125,19.04296875,17.08984375,17.578125,14.16015625
16.11328125,19.04296875,17.08984375,17.578125,14.16015625
11.71875,10.7421875,11.23046875,6.8359375,0.9765625
11.71875,10.7421875,11.23046875,6.8359375,0.9765625
-0.48828125,-0.9765625,2.9296875,3.90625,7.8125
-5.37109375,-2.9296875,2.9296875,4.39453125,6.34765625
-5.37109375,-2.9296875,2.9296875,4.39453125,6.34765625
-5.37109375,-2.9296875,2.9296875,4.39453125,6.34765625
-5.37109375,-2.9296875,2.9296875,4.39453125,6.34765625
-5.37109375,-2.9296875,2.9296875,4.39453125,6.34765625
-5.37109375,-2.9296875,2.9296875,4.39453125,6.34765625
-5.37109375,-2.9296875,2.9296875,4.39453125,6.34765625
-5.37109375,-2.9296875,2.9296875,4.39453125,6.34765625
-5.37109375,-2.9296875,2.9296875,4.39453125,6.34765625
-5.37109375,-2.9296875,2.9296875,4.39453125,6.34765625
10.7421875,5.37109375,3.41796875,11.23046875,12.20703125
10.7421875,5.37109375,3.41796875,11.23046875,12.20703125
10.7421875,5.37109375,3.41796875,11.23046875,12.20703125
10.7421875,5.37109375,3.41796875,11.23046875,12.20703125
10.7421875,5.37109375,3.41796875,11.23046875,12.20703125
10.7421875,5.37109375,3.41796875,11.23046875,12.20703125
2.44140625,4.39453125,0,5.859375,10.25390625
7.8125,2.9296875,3.90625,8.30078125,4.8828125
7.8125,2.9296875,3.90625,8.30078125,4.8828125
7.8125,2.9296875,3.90625,8.30078125,4.8828125
7.8125,2.9296875,3.90625,8.30078125,4.8828125
7.8125,2.9296875,3.90625,8.30078125,4.8828125
7.8125,2.9296875,3.90625,8.30078125,4.8828125
7.8125,2.9296875,3.90625,8.30078125,4.8828125
7.8125,2.9296875,3.90625,8.30078125,4.8828125
7.8125,2.9296875,3.90625,8.30078125,4.8828125
7.8125,2.9296875,3.90625,8.30078125,4.8828125
7.8125,2.9296875,3.90625,8.30078125,4.8828125
9.765625,11.23046875,12.6953125,9.765625,4.8828125
9.765625,11.23046875,12.6953125,9.765625,4.8828125
9.765625,11.23046875,12.6953125,9.765625,4.8828125
9.765625,11.23046875,12.6953125,9.765625,4.8828125
9.765625,11.23046875,12.6953125,9.765625,4.8828125
9.765625,11.23046875,12.6953125,9.765625,4.8828125
3.90625,1.46484375,2.9296875,0.9765625,5.37109375
3.90625,1.46484375,2.9296875,0.9765625,5.37109375
3.90625,1.46484375,2.9296875,0.9765625,5.37109375
3.90625,1.46484375,2.9296875,0.9765625,5.37109375
3.90625,1.46484375,2.9296875,0.9765625,5.37109375
3.90625,1.46484375,2.9296875,0.9765625,5.37109375
12.20703125,8.7890625,8.30078125,2.9296875,1.46484375
12.20703125,8.7890625,8.30078125,2.9296875,1.46484375
12.20703125,8.7890625,8.30078125,2.9296875,1.46484375
12.20703125,8.7890625,8.30078125,2.9296875,1.46484375
12.20703125,8.7890625,8.30078125,2.9296875,1.46484375
12.20703125,8.7890625,8.30078125,2.9296875,1.46484375
3.41796875,1.953125,7.8125,8.30078125,0
3.41796875,1.953125,7.8125,8.30078125,0
3.41796875,1.953125,7.8125,8.30078125,0
3.41796875,1.953125,7.8125,8.30078125,0
3.41796875,1.953125,7.8125,8.30078125,0
3.41796875,1.953125,7.8125,8.30078125,0
1.46484375,4.39453125,2.9296875,-1.953125,0.48828125
1.46484375,4.39453125,2.9296875,-1.953125,0.48828125
1.46484375,4.39453125,2.9296875,-1.953125,0.48828125
1.46484375,4.39453125,2.9296875,-1.953125,0.48828125
1.46484375,4.39453125,2.9296875,-1.953125,0.48828125
1.46484375,4.39453125,2.9296875,-1.953125,0.48828125
1.46484375,4.39453125,2.9296875,-1.953125,0.48828125
1.46484375,4.39453125,2.9296875,-1.953125,0.48828125
1.46484375,4.39453125,2.9296875,-1.953125,0.48828125
1.46484375,4.39453125,2.9296875,-1.953125,0.48828125
1.46484375,4.39453125,2.9296875,-1.953125,0.48828125
1.46484375,4.39453125,2.9296875,-1.953125,0.48828125
1.953125,-0.9765625,-1.953125,-0.9765625,6.8359375
1.953125,-0.9765625,-1.953125,-0.9765625,6.8359375
1.953125,-0.9765625,-1.953125,-0.9765625,6.8359375
1.953125,-0.9765625,-1.953125,-0.9765625,6.8359375
1.953125,-0.9765625,-1.953125,-0.9765625,6.8359375
1.953125,-0.9765625,-1.953125,-0.9765625,6.8359375
4.8828125,-1.953125,0.48828125,0.9765625,-1.953125
4.8828125,-1.953125,0.48828125,0.9765625,-1.953125
4.8828125,-1.953125,0.48828125,0.9765625,-1.953125
4.8828125,-1.953125,0.48828125,0.9765625,-1.953125
4.8828125,-1.953125,0.48828125,0.9765625,-1.953125
4.8828125,-1.953125,0.48828125,0.9765625,-1.953125
4.8828125,-1.953125,0.48828125,0.9765625,-1.953125
4.8828125,-1.953125,0.48828125,0.9765625,-1.953125
4.8828125,-1.953125,0.48828125,0.9765625,-1.953125
4.8828125,-1.953125,0.48828125,0.9765625,-1.953125
4.8828125,-1.953125,0.48828125,0.9765625,-1.953125
4.8828125,-1.953125,0.48828125,0.9765625,-1.953125
1.46484375,-2.44140625,-3.41796875,-3.41796875,-4.8828125
1.46484375,-2.44140625,-3.41796875,-3.41796875,-4.8828125
1.46484375,-2.44140625,-3.41796875,-3.41796875,-4.8828125
1.46484375,-2.44140625,-3.41796875,-3.41796875,-4.8828125
1.46484375,-2.44140625,-3.41796875,-3.41796875,-4.8828125
1.46484375,-2.44140625,-3.41796875,-3.41796875,-4.8828125
1.46484375,-2.44140625,-3.41796875,-3.41796875,-4.8828125
1.46484375,-2.44140625,-3.41796875,-3.41796875,-4.8828125
1.46484375,-2.44140625,-3.41796875,-3.41796875,-4.8828125
8.30078125,5.37109375,-7.32421875,-11.23046875,-6.8359375
8.30078125,5.37109375,-7.32421875,-11.23046875,-6.8359375
8.30078125,5.37109375,-7.32421875,-11.23046875,-6.8359375
11.23046875,4.8828125,-2.44140625,-1.953125,-0.9765625
11.23046875,4.8828125,-2.44140625,-1.953125,-0.9765625
11.23046875,4.8828125,-2.44140625,-1.953125,-0.9765625
11.23046875,4.8828125,-2.44140625,-1.953125,-0.9765625
-16.11328125,-57.12890625,-24.90234375,6.34765625,-14.6484375
-6.34765625,2.44140625,-2.44140625,-4.8828125,-3.90625
0.9765625,2.9296875,3.90625,2.9296875,0
0.9765625,2.9296875,3.90625,2.9296875,0
0.9765625,2.9296875,3.90625,2.9296875,0
0.9765625,2.9296875,3.90625,2.9296875,0
0.9765625,2.9296875,3.90625,2.9296875,0
0.9765625,2.9296875,3.90625,2.9296875,0
13.671875,13.18359375,9.765625,7.32421875,2.44140625
13.671875,13.18359375,9.765625,7.32421875,2.44140625
13.671875,13.18359375,9.765625,7.32421875,2.44140625
13.671875,13.18359375,9.765625,7.32421875,2.44140625
13.671875,13.18359375,9.765625,7.32421875,2.44140625
13.671875,13.18359375,9.765625,7.32421875,2.44140625
13.671875,13.18359375,9.765625,7.32421875,2.44140625
13.671875,13.18359375,9.765625,7.32421875,2.44140625
13.671875,13.18359375,9.765625,7.32421875,2.44140625
13.671875,13.18359375,9.765625,7.32421875,2.44140625
2.9296875,-0.9765625,-3.41796875,-1.953125,-0.48828125
2.9296875,-0.9765625,-3.41796875,-1.953125,-0.48828125
2.9296875,-0.9765625,-3.41796875,-1.953125,-0.48828125
2.9296875,-0.9765625,-3.41796875,-1.953125,-0.48828125
2.9296875,-0.9765625,-3.41796875,-1.953125,-0.48828125
2.9296875,-0.9765625,-3.41796875,-1.953125,-0.48828125
2.9296875,-0.9765625,-3.41796875,-1.953125,-0.48828125
2.9296875,-0.9765625,-3.41796875,-1.953125,-0.48828125
-7.32421875,-2.9296875,-4.39453125,-9.27734375,-6.34765625
-7.32421875,-2.9296875,-4.39453125,-9.27734375,-6.34765625
-7.32421875,-2.9296875,-4.39453125,-9.27734375,-6.34765625
-7.32421875,-2.9296875,-4.39453125,-9.27734375,-6.34765625
-7.32421875,-2.9296875,-4.39453125,-9.27734375,-6.34765625
-7.32421875,-2.9296875,-4.39453125,-9.27734375,-6.34765625
-7.32421875,-2.9296875,-4.39453125,-9.27734375,-6.34765625
-7.32421875,-2.9296875,-4.39453125,-9.27734375,-6.34765625
-7.32421875,-2.9296875,-4.39453125,-9.27734375,-6.34765625
10.7421875,6.8359375,1.46484375,-11.23046875,-20.01953125
1.46484375,2.44140625,0.9765625,-0.9765625,-3.90625
1.46484375,2.44140625,0.9765625,-0.9765625,-3.90625
1.46484375,2.44140625,0.9765625,-0.9765625,-3.90625
1.46484375,2.44140625,0.9765625,-0.9765625,-3.90625
1.46484375,2.44140625,0.9765625,-0.9765625,-3.90625
1.46484375,2.44140625,0.9765625,-0.9765625,-3.90625
-5.37109375,7.32421875,15.13671875,18.5546875,11.23046875
1.953125,-19.53125,7.8125,15.625,-9.27734375
-6.34765625,0,1.953125,2.44140625,3.41796875
-6.34765625,0,1.953125,2.44140625,3.41796875
-6.34765625,0,1.953125,2.44140625,3.41796875
-6.34765625,0,1.953125,2.44140625,3.41796875
-6.34765625,0,1.953125,2.44140625,3.41796875
-6.34765625,0,1.953125,2.44140625,3.41796875
-6.34765625,0,1.953125,2.44140625,3.41796875
-6.34765625,0,1.953125,2.44140625,3.41796875
17.08984375,8.7890625,6.34765625,8.7890625,6.8359375
8.7890625,3.41796875,3.41796875,8.30078125,7.32421875
8.7890625,3.41796875,3.41796875,8.30078125,7.32421875
8.7890625,3.41796875,3.41796875,8.30078125,7.32421875
8.7890625,3.41796875,3.41796875,8.30078125,7.32421875
8.7890625,3.41796875,3.41796875,8.30078125,7.32421875
8.7890625,3.41796875,3.41796875,8.30078125,7.32421875
8.7890625,3.41796875,3.41796875,8.30078125,7.32421875
5.859375,1.953125,10.25390625,16.11328125,12.20703125
5.859375,1.953125,10.25390625,16.11328125,12.20703125
5.859375,1.953125,10.25390625,16.11328125,12.20703125
6.34765625,10.25390625,13.18359375,13.18359375,9.765625
6.34765625,10.25390625,13.18359375,13.18359375,9.765625
6.34765625,10.25390625,13.18359375,13.18359375,9.765625
6.34765625,10.25390625,13.18359375,13.18359375,9.765625
6.34765625,10.25390625,13.18359375,13.18359375,9.765625
6.34765625,10.25390625,13.18359375,13.18359375,9.765625
6.34765625,10.25390625,13.18359375,13.18359375,9.765625
28.3203125,16.11328125,19.04296875,16.6015625,15.13671875
13.671875,12.20703125,11.71875,3.41796875,0
13.671875,12.20703125,11.71875,3.41796875,0
13.671875,12.20703125,11.71875,3.41796875,0
13.671875,12.20703125,11.71875,3.41796875,0
13.671875,12.20703125,11.71875,3.41796875,0
13.671875,12.20703125,11.71875,3.41796875,0
13.671875,12.20703125,11.71875,3.41796875,0
13.671875,12.20703125,11.71875,3.41796875,0
13.671875,12.20703125,11.71875,3.41796875,0
0.9765625,3.41796875,1.46484375,0.48828125,2.44140625
0.9765625,3.41796875,1.46484375,0.48828125,2.44140625
0.9765625,3.41796875,1.46484375,0.48828125,2.44140625
0.9765625,3.41796875,1.46484375,0.48828125,2.44140625
0.9765625,3.41796875,1.46484375,0.48828125,2.44140625
0.9765625,3.41796875,1.46484375,0.48828125,2.44140625
0.9765625,3.41796875,1.46484375,0.48828125,2.44140625
5.37109375,9.27734375,16.6015625,17.08984375,17.08984375
10.7421875,13.18359375,14.16015625,14.6484375,13.671875
10.7421875,13.18359375,14.16015625,14.6484375,13.671875
10.7421875,13.18359375,14.16015625,14.6484375,13.671875
10.7421875,13.18359375,14.16015625,14.6484375,13.671875
10.7421875,13.18359375,14.16015625,14.6484375,13.671875
10.7421875,13.18359375,14.16015625,14.6484375,13.671875
10.7421875,13.18359375,14.16015625,14.6484375,13.671875
-0.9765625,0.9765625,4.8828125,-0.48828125,-0.48828125
-0.9765625,0.9765625,4.8828125,-0.48828125,-0.48828125
-0.9765625,0.9765625,4.8828125,-0.48828125,-0.48828125
-0.9765625,0.9765625,4.8828125,-0.48828125,-0.48828125
-0.9765625,0.9765625,4.8828125,-0.48828125,-0.48828125
-0.9765625,0.9765625,4.8828125,-0.48828125,-0.48828125
-0.9765625,0.9765625,4.8828125,-0.48828125,-0.48828125
-0.9765625,0.9765625,4.8828125,-0.48828125,-0.48828125
-0.9765625,0.9765625,4.8828125,-0.48828125,-0.48828125
-6.34765625,-10.7421875,-12.6953125,-5.859375,-2.44140625
10.25390625,8.30078125,-0.9765625,-0.48828125,5.859375
10.25390625,8.30078125,-0.9765625,-0.48828125,5.859375
10.25390625,8.30078125,-0.9765625,-0.48828125,5.859375
10.25390625,8.30078125,-0.9765625,-0.48828125,5.859375
10.25390625,8.30078125,-0.9765625,-0.48828125,5.859375
10.25390625,8.30078125,-0.9765625,-0.48828125,5.859375
10.25390625,8.30078125,-0.9765625,-0.48828125,5.859375
10.25390625,8.30078125,-0.9765625,-0.48828125,5.859375
10.25390625,8.30078125,-0.9765625,-0.48828125,5.859375
10.25390625,8.30078125,-0.9765625,-0.48828125,5.859375
10.25390625,8.30078125,-0.9765625,-0.48828125,5.859375
0.48828125,2.44140625,0.9765625,-0.48828125,3.90625
0.48828125,2.44140625,0.9765625,-0.48828125,3.90625
0.48828125,2.44140625,0.9765625,-0.48828125,3.90625
0.48828125,2.44140625,0.9765625,-0.48828125,3.90625
0.48828125,2.44140625,0.9765625,-0.48828125,3.90625
0.48828125,2.44140625,0.9765625,-0.48828125,3.90625
10.25390625,12.20703125,10.25390625,8.7890625,8.30078125
10.25390625,12.20703125,10.25390625,8.7890625,8.30078125
10.25390625,12.20703125,10.25390625,8.7890625,8.30078125
10.25390625,12.20703125,10.25390625,8.7890625,8.30078125
10.25390625,12.20703125,10.25390625,8.7890625,8.30078125
10.25390625,12.20703125,10.25390625,8.7890625,8.30078125
4.8828125,6.8359375,1.953125,-6.8359375,-9.27734375
4.8828125,6.8359375,1.953125,-6.8359375,-9.27734375
4.8828125,6.8359375,1.953125,-6.8359375,-9.27734375
4.8828125,6.8359375,1.953125,-6.8359375,-9.27734375
4.8828125,6.8359375,1.953125,-6.8359375,-9.27734375
4.8828125,6.8359375,1.953125,-6.8359375,-9.27734375
4.8828125,6.8359375,1.953125,-6.8359375,-9.27734375
4.8828125,6.8359375,1.953125,-6.8359375,-9.27734375
4.8828125,6.8359375,1.953125,-6.8359375,-9.27734375
4.8828125,6.8359375,1.953125,-6.8359375,-9.27734375
4.8828125,6.8359375,1.953125,-6.8359375,-9.27734375
4.8828125,6.8359375,1.953125,-6.8359375,-9.27734375
11.71875,12.6953125,10.7421875,10.25390625,7.32421875
11.71875,12.6953125,10.7421875,10.25390625,7.32421875
11.71875,12.6953125,10.7421875,10.25390625,7.32421875
11.71875,12.6953125,10.7421875,10.25390625,7.32421875
11.71875,12.6953125,10.7421875,10.25390625,7.32421875
11.71875,12.6953125,10.7421875,10.25390625,7.32421875
0.9765625,9.27734375,12.20703125,6.34765625,2.9296875
0.9765625,9.27734375,12.20703125,6.34765625,2.9296875
0.9765625,9.27734375,12.20703125,6.34765625,2.9296875
0.9765625,9.27734375,12.20703125,6.34765625,2.9296875
0.9765625,9.27734375,12.20703125,6.34765625,2.9296875
0.9765625,9.27734375,12.20703125,6.34765625,2.9296875
0.9765625,9.27734375,12.20703125,6.34765625,2.9296875
0.9765625,9.27734375,12.20703125,6.34765625,2.9296875
0.9765625,9.27734375,12.20703125,6.34765625,2.9296875
0.9765625,9.27734375,12.20703125,6.34765625,2.9296875
9.27734375,-1.46484375,-0.48828125,0.48828125,-1.953125
9.27734375,-1.46484375,-0.48828125,0.48828125,-1.953125
8.7890625,3.41796875,-2.9296875,2.44140625,8.30078125
8.7890625,3.41796875,-2.9296875,2.44140625,8.30078125
8.7890625,3.41796875,-2.9296875,2.44140625,8.30078125
8.7890625,3.41796875,-2.9296875,2.44140625,8.30078125
8.7890625,3.41796875,-2.9296875,2.44140625,8.30078125
8.7890625,3.41796875,-2.9296875,2.44140625,8.30078125
17.578125,18.5546875,13.18359375,1.953125,-2.44140625
17.578125,18.5546875,13.18359375,1.953125,-2.44140625
6.34765625,5.859375,1.953125,-1.46484375,3.41796875
6.34765625,5.859375,1.953125,-1.46484375,3.41796875
6.34765625,5.859375,1.953125,-1.46484375,3.41796875
6.34765625,5.859375,1.953125,-1.46484375,3.41796875
6.34765625,5.859375,1.953125,-1.46484375,3.41796875
6.34765625,5.859375,1.953125,-1.46484375,3.41796875
6.34765625,5.859375,1.953125,-1.46484375,3.41796875
6.34765625,5.859375,1.953125,-1.46484375,3.41796875
6.34765625,5.859375,1.953125,-1.46484375,3.41796875
6.34765625,5.859375,1.953125,-1.46484375,3.41796875
8.30078125,8.7890625,7.8125,6.8359375,4.39453125
8.30078125,8.7890625,7.8125,6.8359375,4.39453125
8.30078125,8.7890625,7.8125,6.8359375,4.39453125
8.30078125,8.7890625,7.8125,6.8359375,4.39453125
8.30078125,8.7890625,7.8125,6.8359375,4.39453125
8.30078125,8.7890625,7.8125,6.8359375,4.39453125
3.90625,3.41796875,0.9765625,3.90625,6.8359375
3.90625,3.41796875,0.9765625,3.90625,6.8359375
3.90625,3.41796875,0.9765625,3.90625,6.8359375
3.90625,3.41796875,0.9765625,3.90625,6.8359375
3.90625,3.41796875,0.9765625,3.90625,6.8359375
3.90625,3.41796875,0.9765625,3.90625,6.8359375
3.90625,3.41796875,0.9765625,3.90625,6.8359375
3.90625,3.41796875,0.9765625,3.90625,6.8359375
3.90625,3.41796875,0.9765625,3.90625,6.8359375
-7.32421875,-3.41796875,6.8359375,10.7421875,2.9296875
2.44140625,3.90625,4.8828125,4.8828125,2.9296875
2.44140625,3.90625,4.8828125,4.8828125,2.9296875
2.44140625,3.90625,4.8828125,4.8828125,2.9296875
2.44140625,3.90625,4.8828125,4.8828125,2.9296875
2.44140625,3.90625,4.8828125,4.8828125,2.9296875
2.44140625,3.90625,4.8828125,4.8828125,2.9296875
3.90625,3.90625,-4.39453125,-1.46484375,3.41796875
3.90625,3.90625,-4.39453125,-1.46484375,3.41796875
2.44140625,2.44140625,5.37109375,3.41796875,3.90625
2.44140625,2.44140625,5.37109375,3.41796875,3.90625
2.44140625,2.44140625,5.37109375,3.41796875,3.90625
2.44140625,2.44140625,5.37109375,3.41796875,3.90625
2.44140625,2.44140625,5.37109375,3.41796875,3.90625
2.44140625,2.44140625,5.37109375,3.41796875,3.90625
2.44140625,2.44140625,5.37109375,3.41796875,3.90625
2.44140625,2.44140625,5.37109375,3.41796875,3.90625
18.5546875,23.92578125,16.11328125,11.23046875,11.23046875
10.25390625,7.32421875,1.46484375,0.9765625,6.8359375
10.25390625,7.32421875,1.46484375,0.9765625,6.8359375
10.25390625,7.32421875,1.46484375,0.9765625,6.8359375
10.25390625,7.32421875,1.46484375,0.9765625,6.8359375
10.25390625,7.32421875,1.46484375,0.9765625,6.8359375
10.25390625,7.32421875,1.46484375,0.9765625,6.8359375
10.25390625,7.32421875,1.46484375,0.9765625,6.8359375
12.6953125,15.13671875,6.8359375,7.32421875,14.16015625
19.04296875,19.04296875,15.13671875,13.18359375,10.7421875
19.04296875,19.04296875,15.13671875,13.18359375,10.7421875
19.04296875,19.04296875,15.13671875,13.18359375,10.7421875
19.04296875,19.04296875,15.13671875,13.18359375,10.7421875
19.04296875,19.04296875,15.13671875,13.18359375,10.7421875
19.04296875,19.04296875,15.13671875,13.18359375,10.7421875
19.04296875,19.04296875,15.13671875,13.18359375,10.7421875
19.04296875,19.04296875,15.13671875,13.18359375,10.7421875
19.04296875,19.04296875,15.13671875,13.18359375,10.7421875
5.37109375,6.8359375,10.7421875,11.23046875,7.32421875
-0.48828125,-1.953125,2.9296875,8.7890625,10.25390625
-0.48828125,-1.953125,2.9296875,8.7890625,10.25390625
-0.48828125,-1.953125,2.9296875,8.7890625,10.25390625
-0.48828125,-1.953125,2.9296875,8.7890625,10.25390625
-0.48828125,-1.953125,2.9296875,8.7890625,10.25390625
-0.48828125,-1.953125,2.9296875,8.7890625,10.25390625
-33.203125,-73.73046875,-61.5234375,-21.97265625,-18.5546875
16.11328125,20.01953125,20.01953125,15.13671875,9.765625
16.11328125,20.01953125,20.01953125,15.13671875,9.765625
16.11328125,20.01953125,20.01953125,15.13671875,9.765625
16.11328125,20.01953125,20.01953125,15.13671875,9.765625
16.11328125,20.01953125,20.01953125,15.13671875,9.765625
16.11328125,20.01953125,20.01953125,15.13671875,9.765625
16.11328125,20.01953125,20.01953125,15.13671875,9.765625
16.11328125,20.01953125,20.01953125,15.13671875,9.765625
16.11328125,20.01953125,20.01953125,15.13671875,9.765625
-0.48828125,-38.57421875,-72.265625,-52.734375,-15.625
-4.39453125,-7.8125,-5.859375,-2.9296875,-4.8828125
-4.39453125,-7.8125,-5.859375,-2.9296875,-4.8828125
-4.39453125,-7.8125,-5.859375,-2.9296875,-4.8828125
-4.39453125,-7.8125,-5.859375,-2.9296875,-4.8828125
-4.39453125,-7.8125,-5.859375,-2.9296875,-4.8828125
-4.39453125,-7.8125,-5.859375,-2.9296875,-4.8828125
-4.39453125,-7.8125,-5.859375,-2.9296875,-4.8828125
8.7890625,7.32421875,2.44140625,-5.37109375,0
8.7890625,7.32421875,2.44140625,-5.37109375,0
8.7890625,7.32421875,2.44140625,-5.37109375,0
8.7890625,7.32421875,2.44140625,-5.37109375,0
8.7890625,7.32421875,2.44140625,-5.37109375,0
8.7890625,7.32421875,2.44140625,-5.37109375,0
8.7890625,7.32421875,2.44140625,-5.37109375,0
8.7890625,7.32421875,2.44140625,-5.37109375,0
8.7890625,7.32421875,2.44140625,-5.37109375,0
8.7890625,7.32421875,2.44140625,-5.37109375,0
-0.48828125,4.8828125,7.8125,3.90625,3.41796875
-0.48828125,4.8828125,7.8125,3.90625,3.41796875
-0.48828125,4.8828125,7.8125,3.90625,3.41796875
-0.48828125,4.8828125,7.8125,3.90625,3.41796875
-0.48828125,4.8828125,7.8125,3.90625,3.41796875
-0.48828125,4.8828125,7.8125,3.90625,3.41796875
-0.48828125,4.8828125,7.8125,3.90625,3.41796875
-7.32421875,-2.9296875,-1.953125,-14.16015625,-16.6015625
-7.32421875,-2.9296875,-1.953125,-14.16015625,-16.6015625
-7.32421875,-2.9296875,-1.953125,-14.16015625,-16.6015625
-7.32421875,-2.9296875,-1.953125,-14.16015625,-16.6015625
5.37109375,5.37109375,2.9296875,-5.859375,-6.8359375
5.37109375,5.37109375,2.9296875,-5.859375,-6.8359375