88.37890625,84.47265625,84.47265625,91.30859375,89.35546875
88.37890625,84.47265625,84.47265625,91.30859375,89.35546875
88.37890625,84.47265625,84.47265625,91.30859375,89.35546875
95.703125,-47.8515625,-117.67578125,-11.71875,99.609375
81.0546875,75.68359375,80.56640625,81.54296875,86.42578125
81.0546875,75.68359375,80.56640625,81.54296875,86.42578125
81.0546875,75.68359375,80.56640625,81.54296875,86.42578125
81.0546875,75.68359375,80.56640625,81.54296875,86.42578125
81.0546875,75.68359375,80.56640625,81.54296875,86.42578125
81.0546875,75.68359375,80.56640625,81.54296875,86.42578125
22.4609375,30.76171875,-59.5703125,-52.734375,15.625
84.9609375,85.9375,82.51953125,86.9140625,102.05078125
84.9609375,85.9375,82.51953125,86.9140625,102.05078125
84.9609375,85.9375,82.51953125,86.9140625,102.05078125
71.2890625,74.21875,75.68359375,76.171875,81.54296875
71.2890625,74.21875,75.68359375,76.171875,81.54296875
71.2890625,74.21875,75.68359375,76.171875,81.54296875
71.2890625,74.21875,75.68359375,76.171875,81.54296875
71.2890625,74.21875,75.68359375,76.171875,81.54296875
71.2890625,74.21875,75.68359375,76.171875,81.54296875
71.2890625,74.21875,75.68359375,76.171875,81.54296875
71.2890625,74.21875,75.68359375,76.171875,81.54296875
77.63671875,76.66015625,83.0078125,82.03125,75.68359375
77.63671875,76.66015625,83.0078125,82.03125,75.68359375
77.63671875,76.66015625,83.0078125,82.03125,75.68359375
77.63671875,76.66015625,83.0078125,82.03125,75.68359375
77.63671875,76.66015625,83.0078125,82.03125,75.68359375
77.63671875,76.66015625,83.0078125,82.03125,75.68359375
77.63671875,76.66015625,83.0078125,82.03125,75.68359375
-70.80078125,-30.76171875,41.015625,6.8359375,-71.77734375
-70.80078125,-30.76171875,41.015625,6.8359375,-71.77734375
-70.80078125,-30.76171875,41.015625,6.8359375,-71.77734375
78.61328125,73.2421875,73.2421875,72.75390625,70.3125
78.61328125,73.2421875,73.2421875,72.75390625,70.3125
78.61328125,73.2421875,73.2421875,72.75390625,70.3125
78.61328125,73.2421875,73.2421875,72.75390625,70.3125
78.61328125,73.2421875,73.2421875,72.75390625,70.3125
78.61328125,73.2421875,73.2421875,72.75390625,70.3125
78.61328125,73.2421875,73.2421875,72.75390625,70.3125
-27.83203125,-66.40625,-17.578125,33.69140625,-20.99609375
76.171875,71.77734375,69.3359375,71.77734375,71.77734375
76.171875,71.77734375,69.3359375,71.77734375,71.77734375
76.171875,71.77734375,69.3359375,71.77734375,71.77734375
76.171875,71.77734375,69.3359375,71.77734375,71.77734375
76.171875,71.77734375,69.3359375,71.77734375,71.77734375
76.171875,71.77734375,69.3359375,71.77734375,71.77734375
100.09765625,102.5390625,101.07421875,97.16796875,102.05078125
14.6484375,-45.41015625,-53.22265625,5.37109375,40.52734375
14.6484375,-45.41015625,-53.22265625,5.37109375,40.52734375
14.6484375,-45.41015625,-53.22265625,5.37109375,40.52734375
74.21875,73.2421875,77.63671875,75.1953125,73.73046875
74.21875,73.2421875,77.63671875,75.1953125,73.73046875
74.21875,73.2421875,77.63671875,75.1953125,73.73046875
74.21875,73.2421875,77.63671875,75.1953125,73.73046875
74.21875,73.2421875,77.63671875,75.1953125,73.73046875
74.21875,73.2421875,77.63671875,75.1953125,73.73046875
104.98046875,109.86328125,112.3046875,110.83984375,111.81640625
73.73046875,65.91796875,67.87109375,67.87109375,64.94140625
73.73046875,65.91796875,67.87109375,67.87109375,64.94140625
73.73046875,65.91796875,67.87109375,67.87109375,64.94140625
73.73046875,65.91796875,67.87109375,67.87109375,64.94140625
73.73046875,65.91796875,67.87109375,67.87109375,64.94140625
73.73046875,65.91796875,67.87109375,67.87109375,64.94140625
73.73046875,65.91796875,67.87109375,67.87109375,64.94140625
-20.01953125,30.2734375,-9.765625,-67.87109375,-52.24609375
-20.01953125,30.2734375,-9.765625,-67.87109375,-52.24609375
-20.01953125,30.2734375,-9.765625,-67.87109375,-52.24609375
-20.01953125,30.2734375,-9.765625,-67.87109375,-52.24609375
68.359375,64.94140625,74.70703125,76.171875,70.80078125
68.359375,64.94140625,74.70703125,76.171875,70.80078125
68.359375,64.94140625,74.70703125,76.171875,70.80078125
68.359375,64.94140625,74.70703125,76.171875,70.80078125
68.359375,64.94140625,74.70703125,76.171875,70.80078125
68.359375,64.94140625,74.70703125,76.171875,70.80078125
66.89453125,66.89453125,68.359375,66.40625,67.3828125
66.89453125,66.89453125,68.359375,66.40625,67.3828125
66.89453125,66.89453125,68.359375,66.40625,67.3828125
66.89453125,66.89453125,68.359375,66.40625,67.3828125
66.89453125,66.89453125,68.359375,66.40625,67.3828125
66.89453125,66.89453125,68.359375,66.40625,67.3828125
66.89453125,66.89453125,68.359375,66.40625,67.3828125
106.4453125,103.515625,102.5390625,99.609375,96.19140625
-38.0859375,-49.8046875,2.44140625,26.85546875,-29.296875
-38.0859375,-49.8046875,2.44140625,26.85546875,-29.296875
-38.0859375,-49.8046875,2.44140625,26.85546875,-29.296875
-38.0859375,-49.8046875,2.44140625,26.85546875,-29.296875
72.265625,70.3125,69.82421875,72.265625,71.77734375
72.265625,70.3125,69.82421875,72.265625,71.77734375
72.265625,70.3125,69.82421875,72.265625,71.77734375
72.265625,70.3125,69.82421875,72.265625,71.77734375
72.265625,70.3125,69.82421875,72.265625,71.77734375
72.265625,70.3125,69.82421875,72.265625,71.77734375
70.3125,77.63671875,79.1015625,69.82421875,73.2421875
70.3125,77.63671875,79.1015625,69.82421875,73.2421875
70.3125,77.63671875,79.1015625,69.82421875,73.2421875
70.3125,77.63671875,79.1015625,69.82421875,73.2421875
70.3125,77.63671875,79.1015625,69.82421875,73.2421875
70.3125,77.63671875,79.1015625,69.82421875,73.2421875
70.3125,77.63671875,79.1015625,69.82421875,73.2421875
70.3125,77.63671875,79.1015625,69.82421875,73.2421875
70.3125,77.63671875,79.1015625,69.82421875,73.2421875
70.3125,77.63671875,79.1015625,69.82421875,73.2421875
36.1328125,-3.41796875,-58.10546875,-35.64453125,22.4609375
36.1328125,-3.41796875,-58.10546875,-35.64453125,22.4609375
74.70703125,70.3125,69.82421875,70.80078125,64.94140625
74.70703125,70.3125,69.82421875,70.80078125,64.94140625
74.70703125,70.3125,69.82421875,70.80078125,64.94140625
74.70703125,70.3125,69.82421875,70.80078125,64.94140625
74.70703125,70.3125,69.82421875,70.80078125,64.94140625
74.70703125,70.3125,69.82421875,70.80078125,64.94140625
63.96484375,65.91796875,61.03515625,54.19921875,57.12890625
63.96484375,65.91796875,61.03515625,54.19921875,57.12890625
63.96484375,65.91796875,61.03515625,54.19921875,57.12890625
63.96484375,65.91796875,61.03515625,54.19921875,57.12890625
63.96484375,65.91796875,61.03515625,54.19921875,57.12890625
63.96484375,65.91796875,61.03515625,54.19921875,57.12890625
-33.203125,16.6015625,38.57421875,-21.484375,-54.6875
-33.203125,16.6015625,38.57421875,-21.484375,-54.6875
-33.203125,16.6015625,38.57421875,-21.484375,-54.6875
-33.203125,16.6015625,38.57421875,-21.484375,-54.6875
-33.203125,16.6015625,38.57421875,-21.484375,-54.6875
-33.203125,16.6015625,38.57421875,-21.484375,-54.6875
74.70703125,72.265625,74.21875,69.82421875,64.453125
74.70703125,72.265625,74.21875,69.82421875,64.453125
74.70703125,72.265625,74.21875,69.82421875,64.453125
74.70703125,72.265625,74.21875,69.82421875,64.453125
74.70703125,72.265625,74.21875,69.82421875,64.453125
74.70703125,72.265625,74.21875,69.82421875,64.453125
77.1484375,79.58984375,78.125,74.21875,71.2890625
77.1484375,79.58984375,78.125,74.21875,71.2890625
77.1484375,79.58984375,78.125,74.21875,71.2890625
77.1484375,79.58984375,78.125,74.21875,71.2890625
77.1484375,79.58984375,78.125,74.21875,71.2890625
77.1484375,79.58984375,78.125,74.21875,71.2890625
-8.30078125,-58.10546875,-30.76171875,33.203125,20.01953125
-8.30078125,-58.10546875,-30.76171875,33.203125,20.01953125
-8.30078125,-58.10546875,-30.76171875,33.203125,20.01953125
-8.30078125,-58.10546875,-30.76171875,33.203125,20.01953125
-8.30078125,-58.10546875,-30.76171875,33.203125,20.01953125
-8.30078125,-58.10546875,-30.76171875,33.203125,20.01953125
-8.30078125,-58.10546875,-30.76171875,33.203125,20.01953125
-8.30078125,-58.10546875,-30.76171875,33.203125,20.01953125
-8.30078125,-58.10546875,-30.76171875,33.203125,20.01953125
-8.30078125,-58.10546875,-30.76171875,33.203125,20.01953125
-8.30078125,-58.10546875,-30.76171875,33.203125,20.01953125
65.91796875,72.265625,69.82421875,62.98828125,62.5
71.77734375,72.75390625,73.73046875,70.80078125,70.3125
71.77734375,72.75390625,73.73046875,70.80078125,70.3125
71.77734375,72.75390625,73.73046875,70.80078125,70.3125
71.77734375,72.75390625,73.73046875,70.80078125,70.3125
71.77734375,72.75390625,73.73046875,70.80078125,70.3125
71.77734375,72.75390625,73.73046875,70.80078125,70.3125
-0.9765625,14.16015625,-51.7578125,-68.84765625,-15.13671875
-0.9765625,14.16015625,-51.7578125,-68.84765625,-15.13671875
-0.9765625,14.16015625,-51.7578125,-68.84765625,-15.13671875
65.4296875,67.3828125,73.73046875,72.265625,63.96484375
65.4296875,67.3828125,73.73046875,72.265625,63.96484375
65.4296875,67.3828125,73.73046875,72.265625,63.96484375
65.4296875,67.3828125,73.73046875,72.265625,63.96484375
65.4296875,67.3828125,73.73046875,72.265625,63.96484375
65.4296875,67.3828125,73.73046875,72.265625,63.96484375
65.4296875,67.3828125,73.73046875,72.265625,63.96484375
-30.76171875,22.4609375,15.13671875,-54.6875,-58.59375
70.3125,72.75390625,74.70703125,75.68359375,75.68359375
70.3125,72.75390625,74.70703125,75.68359375,75.68359375
70.3125,72.75390625,74.70703125,75.68359375,75.68359375
70.3125,72.75390625,74.70703125,75.68359375,75.68359375
70.3125,72.75390625,74.70703125,75.68359375,75.68359375
70.3125,72.75390625,74.70703125,75.68359375,75.68359375
70.3125,72.75390625,74.70703125,75.68359375,75.68359375
-71.77734375,-33.69140625,24.90234375,0,-60.546875
-71.77734375,-33.69140625,24.90234375,0,-60.546875
73.2421875,65.91796875,66.40625,71.77734375,71.77734375
73.2421875,65.91796875,66.40625,71.77734375,71.77734375
73.2421875,65.91796875,66.40625,71.77734375,71.77734375
73.2421875,65.91796875,66.40625,71.77734375,71.77734375
73.2421875,65.91796875,66.40625,71.77734375,71.77734375
73.2421875,65.91796875,66.40625,71.77734375,71.77734375
73.2421875,65.91796875,66.40625,71.77734375,71.77734375
-24.90234375,-42.48046875,-9.27734375,20.5078125,-7.32421875
76.171875,73.73046875,77.63671875,78.61328125,78.125
76.171875,73.73046875,77.63671875,78.61328125,78.125
76.171875,73.73046875,77.63671875,78.61328125,78.125
76.171875,73.73046875,77.63671875,78.61328125,78.125
76.171875,73.73046875,77.63671875,78.61328125,78.125
76.171875,73.73046875,77.63671875,78.61328125,78.125
76.171875,73.73046875,77.63671875,78.61328125,78.125
76.171875,73.73046875,77.63671875,78.61328125,78.125
23.92578125,-37.59765625,-56.15234375,-4.8828125,28.3203125
23.92578125,-37.59765625,-56.15234375,-4.8828125,28.3203125
75.1953125,81.54296875,76.66015625,72.265625,75.1953125
75.1953125,81.54296875,76.66015625,72.265625,75.1953125
75.1953125,81.54296875,76.66015625,72.265625,75.1953125
75.1953125,81.54296875,76.66015625,72.265625,75.1953125
75.1953125,81.54296875,76.66015625,72.265625,75.1953125
75.1953125,81.54296875,76.66015625,72.265625,75.1953125
75.1953125,81.54296875,76.66015625,72.265625,75.1953125
75.1953125,81.54296875,76.66015625,72.265625,75.1953125
75.1953125,81.54296875,76.66015625,72.265625,75.1953125
75.1953125,81.54296875,76.66015625,72.265625,75.1953125
74.70703125,72.75390625,73.73046875,71.2890625,70.80078125
74.70703125,72.75390625,73.73046875,71.2890625,70.80078125
74.70703125,72.75390625,73.73046875,71.2890625,70.80078125
74.70703125,72.75390625,73.73046875,71.2890625,70.80078125
93.26171875,91.30859375,96.6796875,97.65625,92.7734375
93.26171875,91.30859375,96.6796875,97.65625,92.7734375
-41.50390625,26.85546875,-2.9296875,-67.87109375,-48.33984375
79.58984375,83.0078125,86.42578125,78.61328125,72.75390625
79.58984375,83.0078125,86.42578125,78.61328125,72.75390625
79.58984375,83.0078125,86.42578125,78.61328125,72.75390625
79.58984375,83.0078125,86.42578125,78.61328125,72.75390625
79.58984375,83.0078125,86.42578125,78.61328125,72.75390625
79.58984375,83.0078125,86.42578125,78.61328125,72.75390625
100.09765625,94.7265625,96.6796875,97.65625,97.65625
-55.6640625,0,50.78125,-0.9765625,-46.875
-55.6640625,0,50.78125,-0.9765625,-46.875
-55.6640625,0,50.78125,-0.9765625,-46.875
-55.6640625,0,50.78125,-0.9765625,-46.875
70.80078125,75.1953125,77.1484375,77.63671875,84.9609375
70.80078125,75.1953125,77.1484375,77.63671875,84.9609375
70.80078125,75.1953125,77.1484375,77.63671875,84.9609375
96.6796875,95.21484375,87.40234375,83.0078125,79.1015625
96.6796875,95.21484375,87.40234375,83.0078125,79.1015625
96.6796875,95.21484375,87.40234375,83.0078125,79.1015625
79.58984375,72.265625,74.70703125,67.3828125,61.03515625
79.58984375,72.265625,74.70703125,67.3828125,61.03515625
79.58984375,72.265625,74.70703125,67.3828125,61.03515625
79.58984375,72.265625,74.70703125,67.3828125,61.03515625
79.58984375,72.265625,74.70703125,67.3828125,61.03515625
79.58984375,72.265625,74.70703125,67.3828125,61.03515625
13.18359375,-47.36328125,-48.33984375,16.6015625,35.64453125
13.18359375,-47.36328125,-48.33984375,16.6015625,35.64453125
13.18359375,-47.36328125,-48.33984375,16.6015625,35.64453125
13.18359375,-47.36328125,-48.33984375,16.6015625,35.64453125
13.18359375,-47.36328125,-48.33984375,16.6015625,35.64453125
13.18359375,-47.36328125,-48.33984375,16.6015625,35.64453125
65.4296875,64.94140625,69.3359375,71.77734375,71.2890625
85.9375,85.44921875,82.51953125,80.56640625,84.9609375
85.9375,85.44921875,82.51953125,80.56640625,84.9609375
85.9375,85.44921875,82.51953125,80.56640625,84.9609375
85.9375,85.44921875,82.51953125,80.56640625,84.9609375
85.9375,85.44921875,82.51953125,80.56640625,84.9609375
67.87109375,69.3359375,69.3359375,66.40625,70.3125
67.87109375,69.3359375,69.3359375,66.40625,70.3125
67.87109375,69.3359375,69.3359375,66.40625,70.3125
67.87109375,69.3359375,69.3359375,66.40625,70.3125
67.87109375,69.3359375,69.3359375,66.40625,70.3125
67.87109375,69.3359375,69.3359375,66.40625,70.3125
70.3125,74.70703125,73.73046875,66.89453125,71.77734375
70.3125,74.70703125,73.73046875,66.89453125,71.77734375
70.3125,74.70703125,73.73046875,66.89453125,71.77734375
70.3125,74.70703125,73.73046875,66.89453125,71.77734375
70.3125,74.70703125,73.73046875,66.89453125,71.77734375
70.3125,74.70703125,73.73046875,66.89453125,71.77734375
-34.66796875,20.5078125,41.015625,-18.5546875,-49.8046875
-34.66796875,20.5078125,41.015625,-18.5546875,-49.8046875
-34.66796875,20.5078125,41.015625,-18.5546875,-49.8046875
-34.66796875,20.5078125,41.015625,-18.5546875,-49.8046875
68.84765625,72.75390625,74.21875,71.2890625,70.3125
68.84765625,72.75390625,74.21875,71.2890625,70.3125
68.84765625,72.75390625,74.21875,71.2890625,70.3125
68.84765625,72.75390625,74.21875,71.2890625,70.3125
68.84765625,72.75390625,74.21875,71.2890625,70.3125
68.84765625,72.75390625,74.21875,71.2890625,70.3125
68.84765625,72.75390625,74.21875,71.2890625,70.3125
68.84765625,72.75390625,74.21875,71.2890625,70.3125
82.03125,72.265625,67.87109375,75.1953125,73.73046875
82.03125,72.265625,67.87109375,75.1953125,73.73046875
82.03125,72.265625,67.87109375,75.1953125,73.73046875
82.03125,72.265625,67.87109375,75.1953125,73.73046875
82.03125,72.265625,67.87109375,75.1953125,73.73046875
82.03125,72.265625,67.87109375,75.1953125,73.73046875
1.46484375,-45.8984375,-18.5546875,40.52734375,20.99609375
1.46484375,-45.8984375,-18.5546875,40.52734375,20.99609375
88.8671875,91.30859375,84.47265625,79.1015625,81.0546875
88.8671875,91.30859375,84.47265625,79.1015625,81.0546875
88.8671875,91.30859375,84.47265625,79.1015625,81.0546875
88.8671875,91.30859375,84.47265625,79.1015625,81.0546875
88.8671875,91.30859375,84.47265625,79.1015625,81.0546875
88.8671875,91.30859375,84.47265625,79.1015625,81.0546875
88.8671875,91.30859375,84.47265625,79.1015625,81.0546875
36.1328125,-19.53125,-60.546875,-27.34375,29.296875
77.63671875,80.56640625,80.56640625,73.2421875,67.87109375
77.63671875,80.56640625,80.56640625,73.2421875,67.87109375
77.63671875,80.56640625,80.56640625,73.2421875,67.87109375
77.63671875,80.56640625,80.56640625,73.2421875,67.87109375
77.63671875,80.56640625,80.56640625,73.2421875,67.87109375
10.25390625,25.87890625,-15.625,-27.83203125,5.37109375
22.4609375,41.9921875,-28.3203125,-56.640625,-8.7890625
22.4609375,41.9921875,-28.3203125,-56.640625,-8.7890625
22.4609375,41.9921875,-28.3203125,-56.640625,-8.7890625
73.73046875,76.171875,77.63671875,71.77734375,67.3828125
73.73046875,76.171875,77.63671875,71.77734375,67.3828125
73.73046875,76.171875,77.63671875,71.77734375,67.3828125
73.73046875,76.171875,77.63671875,71.77734375,67.3828125
73.73046875,76.171875,77.63671875,71.77734375,67.3828125
73.73046875,76.171875,77.63671875,71.77734375,67.3828125
-25.87890625,15.13671875,3.41796875,-38.0859375,-37.59765625
70.80078125,73.73046875,75.68359375,75.68359375,69.82421875
70.80078125,73.73046875,75.68359375,75.68359375,69.82421875
70.80078125,73.73046875,75.68359375,75.68359375,69.82421875
70.80078125,73.73046875,75.68359375,75.68359375,69.82421875
70.80078125,73.73046875,75.68359375,75.68359375,69.82421875
70.80078125,73.73046875,75.68359375,75.68359375,69.82421875
-58.59375,-38.57421875,23.4375,9.27734375,-54.19921875
-58.59375,-38.57421875,23.4375,9.27734375,-54.19921875
-58.59375,-38.57421875,23.4375,9.27734375,-54.19921875
-58.59375,-38.57421875,23.4375,9.27734375,-54.19921875
74.21875,68.359375,69.3359375,65.91796875,60.05859375
74.21875,68.359375,69.3359375,65.91796875,60.05859375
74.21875,68.359375,69.3359375,65.91796875,60.05859375
74.21875,68.359375,69.3359375,65.91796875,60.05859375
74.21875,68.359375,69.3359375,65.91796875,60.05859375
74.21875,68.359375,69.3359375,65.91796875,60.05859375
-24.4140625,-62.01171875,-23.92578125,33.203125,-4.39453125
69.3359375,58.59375,68.84765625,76.171875,71.2890625
69.3359375,58.59375,68.84765625,76.171875,71.2890625
69.3359375,58.59375,68.84765625,76.171875,71.2890625
69.3359375,58.59375,68.84765625,76.171875,71.2890625
69.3359375,58.59375,68.84765625,76.171875,71.2890625
69.3359375,58.59375,68.84765625,76.171875,71.2890625
88.37890625,85.44921875,87.890625,77.63671875,77.1484375
21.97265625,-41.015625,-59.08203125,-1.46484375,39.0625
21.97265625,-41.015625,-59.08203125,-1.46484375,39.0625
21.97265625,-41.015625,-59.08203125,-1.46484375,39.0625
21.97265625,-41.015625,-59.08203125,-1.46484375,39.0625
67.87109375,71.2890625,62.5,55.6640625,63.4765625
67.87109375,71.2890625,62.5,55.6640625,63.4765625
67.87109375,71.2890625,62.5,55.6640625,63.4765625
67.87109375,71.2890625,62.5,55.6640625,63.4765625
67.87109375,71.2890625,62.5,55.6640625,63.4765625
67.87109375,71.2890625,62.5,55.6640625,63.4765625
76.66015625,80.56640625,77.63671875,77.63671875,83.0078125
76.66015625,80.56640625,77.63671875,77.63671875,83.0078125
76.66015625,80.56640625,77.63671875,77.63671875,83.0078125
76.66015625,80.56640625,77.63671875,77.63671875,83.0078125
76.66015625,80.56640625,77.63671875,77.63671875,83.0078125
76.66015625,80.56640625,77.63671875,77.63671875,83.0078125
-25.87890625,32.2265625,2.44140625,-57.12890625,-43.45703125
-25.87890625,32.2265625,2.44140625,-57.12890625,-43.45703125
-25.87890625,32.2265625,2.44140625,-57.12890625,-43.45703125
-25.87890625,32.2265625,2.44140625,-57.12890625,-43.45703125
-25.87890625,32.2265625,2.44140625,-57.12890625,-43.45703125
-25.87890625,32.2265625,2.44140625,-57.12890625,-43.45703125
65.91796875,67.3828125,67.87109375,65.91796875,69.3359375
65.91796875,67.3828125,67.87109375,65.91796875,69.3359375
65.91796875,67.3828125,67.87109375,65.91796875,69.3359375
65.91796875,67.3828125,67.87109375,65.91796875,69.3359375
65.91796875,67.3828125,67.87109375,65.91796875,69.3359375
65.91796875,67.3828125,67.87109375,65.91796875,69.3359375
69.3359375,72.75390625,74.21875,77.1484375,72.75390625
69.3359375,72.75390625,74.21875,77.1484375,72.75390625
69.3359375,72.75390625,74.21875,77.1484375,72.75390625
69.3359375,72.75390625,74.21875,77.1484375,72.75390625
69.3359375,72.75390625,74.21875,77.1484375,72.75390625
69.3359375,72.75390625,74.21875,77.1484375,72.75390625
-44.43359375,-57.6171875,2.9296875,28.3203125,-31.25
-44.43359375,-57.6171875,2.9296875,28.3203125,-31.25
-44.43359375,-57.6171875,2.9296875,28.3203125,-31.25
-44.43359375,-57.6171875,2.9296875,28.3203125,-31.25
69.3359375,73.2421875,67.87109375,64.453125,66.89453125
69.3359375,73.2421875,67.87109375,64.453125,66.89453125
69.3359375,73.2421875,67.87109375,64.453125,66.89453125
69.3359375,73.2421875,67.87109375,64.453125,66.89453125
69.3359375,73.2421875,67.87109375,64.453125,66.89453125
69.3359375,73.2421875,67.87109375,64.453125,66.89453125
69.3359375,73.2421875,67.87109375,64.453125,66.89453125
69.3359375,73.2421875,67.87109375,64.453125,66.89453125
53.7109375,53.22265625,61.03515625,62.01171875,62.5
53.7109375,53.22265625,61.03515625,62.01171875,62.5
53.7109375,53.22265625,61.03515625,62.01171875,62.5
53.7109375,53.22265625,61.03515625,62.01171875,62.5
53.7109375,53.22265625,61.03515625,62.01171875,62.5
53.7109375,53.22265625,61.03515625,62.01171875,62.5
35.15625,-8.30078125,-65.4296875,-46.875,12.6953125
35.15625,-8.30078125,-65.4296875,-46.875,12.6953125
35.15625,-8.30078125,-65.4296875,-46.875,12.6953125
35.15625,-8.30078125,-65.4296875,-46.875,12.6953125
70.3125,65.4296875,62.98828125,60.546875,61.5234375
70.3125,65.4296875,62.98828125,60.546875,61.5234375
70.3125,65.4296875,62.98828125,60.546875,61.5234375
70.3125,65.4296875,62.98828125,60.546875,61.5234375
70.3125,65.4296875,62.98828125,60.546875,61.5234375
70.3125,65.4296875,62.98828125,60.546875,61.5234375
70.3125,65.4296875,62.98828125,60.546875,61.5234375
70.3125,65.4296875,62.98828125,60.546875,61.5234375
-22.94921875,20.99609375,-29.296875,-68.84765625,-31.25
-22.94921875,20.99609375,-29.296875,-68.84765625,-31.25
55.6640625,56.15234375,60.546875,65.4296875,65.91796875
55.6640625,56.15234375,60.546875,65.4296875,65.91796875
55.6640625,56.15234375,60.546875,65.4296875,65.91796875
55.6640625,56.15234375,60.546875,65.4296875,65.91796875
55.6640625,56.15234375,60.546875,65.4296875,65.91796875
55.6640625,56.15234375,60.546875,65.4296875,65.91796875
55.6640625,56.15234375,60.546875,65.4296875,65.91796875
78.125,73.2421875,72.265625,68.359375,67.3828125
78.125,73.2421875,72.265625,68.359375,67.3828125
78.125,73.2421875,72.265625,68.359375,67.3828125
78.125,73.2421875,72.265625,68.359375,67.3828125
78.125,73.2421875,72.265625,68.359375,67.3828125
78.125,73.2421875,72.265625,68.359375,67.3828125
78.125,73.2421875,72.265625,68.359375,67.3828125
-52.734375,-49.31640625,13.18359375,24.4140625,-35.15625
-52.734375,-49.31640625,13.18359375,24.4140625,-35.15625
75.68359375,72.75390625,71.77734375,75.68359375,77.63671875
75.68359375,72.75390625,71.77734375,75.68359375,77.63671875
75.68359375,72.75390625,71.77734375,75.68359375,77.63671875
75.68359375,72.75390625,71.77734375,75.68359375,77.63671875
75.68359375,72.75390625,71.77734375,75.68359375,77.63671875
75.68359375,72.75390625,71.77734375,75.68359375,77.63671875
104.4921875,100.5859375,101.07421875,101.5625,100.5859375
104.4921875,100.5859375,101.07421875,101.5625,100.5859375
75.1953125,72.265625,75.68359375,76.171875,75.1953125
75.1953125,72.265625,75.68359375,76.171875,75.1953125
75.1953125,72.265625,75.68359375,76.171875,75.1953125
75.1953125,72.265625,75.68359375,76.171875,75.1953125
75.1953125,72.265625,75.68359375,76.171875,75.1953125
75.1953125,72.265625,75.68359375,76.171875,75.1953125
75.1953125,72.265625,75.68359375,76.171875,75.1953125
35.64453125,-23.4375,-58.59375,-21.97265625,39.0625
35.64453125,-23.4375,-58.59375,-21.97265625,39.0625
35.64453125,-23.4375,-58.59375,-21.97265625,39.0625
74.21875,70.80078125,72.265625,65.91796875,60.546875
74.21875,70.80078125,72.265625,65.91796875,60.546875
74.21875,70.80078125,72.265625,65.91796875,60.546875
74.21875,70.80078125,72.265625,65.91796875,60.546875
8.7890625,37.59765625,-22.4609375,-51.7578125,-3.90625
8.7890625,37.59765625,-22.4609375,-51.7578125,-3.90625
8.7890625,37.59765625,-22.4609375,-51.7578125,-3.90625
65.4296875,62.01171875,67.87109375,72.265625,70.80078125
65.4296875,62.01171875,67.87109375,72.265625,70.80078125
65.4296875,62.01171875,67.87109375,72.265625,70.80078125
65.4296875,62.01171875,67.87109375,72.265625,70.80078125
65.4296875,62.01171875,67.87109375,72.265625,70.80078125
65.4296875,62.01171875,67.87109375,72.265625,70.80078125
65.4296875,62.01171875,67.87109375,72.265625,70.80078125
-45.8984375,21.484375,26.85546875,-41.50390625,-48.828125
69.82421875,66.89453125,69.3359375,73.2421875,64.453125
69.82421875,66.89453125,69.3359375,73.2421875,64.453125
69.82421875,66.89453125,69.3359375,73.2421875,64.453125
69.82421875,66.89453125,69.3359375,73.2421875,64.453125
69.82421875,66.89453125,69.3359375,73.2421875,64.453125
69.82421875,66.89453125,69.3359375,73.2421875,64.453125
98.14453125,97.65625,95.703125,88.8671875,83.984375
-72.75390625,-49.31640625,23.4375,13.671875,-53.7109375
-72.75390625,-49.31640625,23.4375,13.671875,-53.7109375
63.96484375,62.5,59.08203125,61.03515625,65.91796875
63.96484375,62.5,59.08203125,61.03515625,65.91796875
63.96484375,62.5,59.08203125,61.03515625,65.91796875
63.96484375,62.5,59.08203125,61.03515625,65.91796875
63.96484375,62.5,59.08203125,61.03515625,65.91796875
63.96484375,62.5,59.08203125,61.03515625,65.91796875
-14.16015625,-55.6640625,-15.625,39.0625,-2.9296875
-14.16015625,-55.6640625,-15.625,39.0625,-2.9296875
-14.16015625,-55.6640625,-15.625,39.0625,-2.9296875
-14.16015625,-55.6640625,-15.625,39.0625,-2.9296875
73.73046875,69.82421875,65.4296875,62.98828125,59.5703125
73.73046875,69.82421875,65.4296875,62.98828125,59.5703125
73.73046875,69.82421875,65.4296875,62.98828125,59.5703125
21.484375,-35.64453125,-58.10546875,-2.44140625,41.9921875
21.484375,-35.64453125,-58.10546875,-2.44140625,41.9921875
21.484375,-35.64453125,-58.10546875,-2.44140625,41.9921875
21.484375,-35.64453125,-58.10546875,-2.44140625,41.9921875
21.484375,-35.64453125,-58.10546875,-2.44140625,41.9921875
67.3828125,63.4765625,57.12890625,55.6640625,62.01171875
67.3828125,63.4765625,57.12890625,55.6640625,62.01171875
67.3828125,63.4765625,57.12890625,55.6640625,62.01171875
67.3828125,63.4765625,57.12890625,55.6640625,62.01171875
67.3828125,63.4765625,57.12890625,55.6640625,62.01171875
67.3828125,63.4765625,57.12890625,55.6640625,62.01171875
67.3828125,63.4765625,57.12890625,55.6640625,62.01171875
67.3828125,63.4765625,57.12890625,55.6640625,62.01171875
67.3828125,63.4765625,57.12890625,55.6640625,62.01171875
62.5,63.4765625,65.4296875,62.5,62.98828125
62.5,63.4765625,65.4296875,62.5,62.98828125
62.5,63.4765625,65.4296875,62.5,62.98828125
-32.2265625,38.0859375,11.23046875,-54.19921875,-43.9453125
-32.2265625,38.0859375,11.23046875,-54.19921875,-43.9453125
-32.2265625,38.0859375,11.23046875,-54.19921875,-43.9453125
-32.2265625,38.0859375,11.23046875,-54.19921875,-43.9453125
-32.2265625,38.0859375,11.23046875,-54.19921875,-43.9453125
-32.2265625,38.0859375,11.23046875,-54.19921875,-43.9453125
66.40625,66.40625,65.4296875,62.5,58.59375
66.40625,66.40625,65.4296875,62.5,58.59375
66.40625,66.40625,65.4296875,62.5,58.59375
66.40625,66.40625,65.4296875,62.5,58.59375
66.40625,66.40625,65.4296875,62.5,58.59375
66.40625,66.40625,65.4296875,62.5,58.59375
61.5234375,57.6171875,62.98828125,68.84765625,64.453125
61.5234375,57.6171875,62.98828125,68.84765625,64.453125
61.5234375,57.6171875,62.98828125,68.84765625,64.453125
61.5234375,57.6171875,62.98828125,68.84765625,64.453125
61.5234375,57.6171875,62.98828125,68.84765625,64.453125
61.5234375,57.6171875,62.98828125,68.84765625,64.453125
-40.52734375,-62.98828125,-12.6953125,22.94921875,-35.64453125
-40.52734375,-62.98828125,-12.6953125,22.94921875,-35.64453125
-40.52734375,-62.98828125,-12.6953125,22.94921875,-35.64453125
-40.52734375,-62.98828125,-12.6953125,22.94921875,-35.64453125
67.87109375,70.3125,60.05859375,55.6640625,64.94140625
67.87109375,70.3125,60.05859375,55.6640625,64.94140625
67.87109375,70.3125,60.05859375,55.6640625,64.94140625
67.87109375,70.3125,60.05859375,55.6640625,64.94140625
67.87109375,70.3125,60.05859375,55.6640625,64.94140625
67.87109375,70.3125,60.05859375,55.6640625,64.94140625
67.87109375,70.3125,60.05859375,55.6640625,64.94140625
67.87109375,70.3125,60.05859375,55.6640625,64.94140625
63.96484375,62.01171875,65.91796875,67.3828125,64.94140625
63.96484375,62.01171875,65.91796875,67.3828125,64.94140625
63.96484375,62.01171875,65.91796875,67.3828125,64.94140625
63.96484375,62.01171875,65.91796875,67.3828125,64.94140625
63.96484375,62.01171875,65.91796875,67.3828125,64.94140625
63.96484375,62.01171875,65.91796875,67.3828125,64.94140625
35.64453125,-0.48828125,-62.98828125,-47.8515625,15.13671875
68.359375,59.08203125,54.19921875,58.10546875,57.6171875
68.359375,59.08203125,54.19921875,58.10546875,57.6171875
68.359375,59.08203125,54.19921875,58.10546875,57.6171875
68.359375,59.08203125,54.19921875,58.10546875,57.6171875
68.359375,59.08203125,54.19921875,58.10546875,57.6171875
68.359375,59.08203125,54.19921875,58.10546875,57.6171875
68.359375,59.08203125,54.19921875,58.10546875,57.6171875
-23.92578125,25.87890625,-16.6015625,-53.22265625,-14.6484375
67.87109375,66.89453125,67.3828125,67.87109375,70.3125
67.87109375,66.89453125,67.3828125,67.87109375,70.3125
67.87109375,66.89453125,67.3828125,67.87109375,70.3125
67.87109375,66.89453125,67.3828125,67.87109375,70.3125
67.87109375,66.89453125,67.3828125,67.87109375,70.3125
67.87109375,66.89453125,67.3828125,67.87109375,70.3125
67.87109375,66.89453125,67.3828125,67.87109375,70.3125
-77.63671875,-54.6875,-30.2734375,-87.40234375,-142.08984375
-77.63671875,-54.6875,-30.2734375,-87.40234375,-142.08984375
51.7578125,39.55078125,39.55078125,41.015625,39.55078125
51.7578125,39.55078125,39.55078125,41.015625,39.55078125
51.7578125,39.55078125,39.55078125,41.015625,39.55078125
51.7578125,39.55078125,39.55078125,41.015625,39.55078125
51.7578125,39.55078125,39.55078125,41.015625,39.55078125
51.7578125,39.55078125,39.55078125,41.015625,39.55078125
51.7578125,39.55078125,39.55078125,41.015625,39.55078125
51.7578125,39.55078125,39.55078125,41.015625,39.55078125
28.80859375,24.90234375,27.83203125,25.87890625,28.3203125
28.80859375,24.90234375,27.83203125,25.87890625,28.3203125
28.80859375,24.90234375,27.83203125,25.87890625,28.3203125
28.80859375,24.90234375,27.83203125,25.87890625,28.3203125
28.80859375,24.90234375,27.83203125,25.87890625,28.3203125
28.80859375,24.90234375,27.83203125,25.87890625,28.3203125
-33.203125,-63.4765625,-24.90234375,43.45703125,48.828125
57.6171875,59.5703125,60.05859375,65.4296875,68.84765625
57.6171875,59.5703125,60.05859375,65.4296875,68.84765625
57.6171875,59.5703125,60.05859375,65.4296875,68.84765625
57.6171875,59.5703125,60.05859375,65.4296875,68.84765625
57.6171875,59.5703125,60.05859375,65.4296875,68.84765625
57.6171875,59.5703125,60.05859375,65.4296875,68.84765625
57.6171875,59.5703125,60.05859375,65.4296875,68.84765625
57.6171875,59.5703125,60.05859375,65.4296875,68.84765625
57.6171875,59.5703125,60.05859375,65.4296875,68.84765625
87.890625,37.109375,-15.13671875,14.16015625,80.078125
69.3359375,62.98828125,63.96484375,61.03515625,62.5
69.3359375,62.98828125,63.96484375,61.03515625,62.5
69.3359375,62.98828125,63.96484375,61.03515625,62.5
69.3359375,62.98828125,63.96484375,61.03515625,62.5
69.3359375,62.98828125,63.96484375,61.03515625,62.5
64.94140625,74.70703125,34.66796875,24.4140625,45.41015625
76.66015625,88.37890625,91.30859375,83.984375,79.58984375
76.66015625,88.37890625,91.30859375,83.984375,79.58984375
76.66015625,88.37890625,91.30859375,83.984375,79.58984375
76.66015625,88.37890625,91.30859375,83.984375,79.58984375
76.66015625,88.37890625,91.30859375,83.984375,79.58984375
76.66015625,88.37890625,91.30859375,83.984375,79.58984375
76.66015625,88.37890625,91.30859375,83.984375,79.58984375
76.66015625,88.37890625,91.30859375,83.984375,79.58984375
76.66015625,88.37890625,91.30859375,83.984375,79.58984375
76.66015625,88.37890625,91.30859375,83.984375,79.58984375
76.66015625,88.37890625,91.30859375,83.984375,79.58984375
68.84765625,64.453125,66.40625,69.82421875,74.21875
68.84765625,64.453125,66.40625,69.82421875,74.21875
68.84765625,64.453125,66.40625,69.82421875,74.21875
68.84765625,64.453125,66.40625,69.82421875,74.21875
68.84765625,64.453125,66.40625,69.82421875,74.21875
68.84765625,64.453125,66.40625,69.82421875,74.21875
64.453125,62.5,65.4296875,64.453125,65.91796875
64.453125,62.5,65.4296875,64.453125,65.91796875
64.453125,62.5,65.4296875,64.453125,65.91796875
64.453125,62.5,65.4296875,64.453125,65.91796875
64.453125,62.5,65.4296875,64.453125,65.91796875
64.453125,62.5,65.4296875,64.453125,65.91796875
64.453125,62.5,65.4296875,64.453125,65.91796875
64.453125,62.5,65.4296875,64.453125,65.91796875
64.453125,62.5,65.4296875,64.453125,65.91796875
64.453125,62.5,65.4296875,64.453125,65.91796875
64.453125,62.5,65.4296875,64.453125,65.91796875
64.453125,62.5,65.4296875,64.453125,65.91796875
72.75390625,65.4296875,66.89453125,73.73046875,71.2890625
72.75390625,65.4296875,66.89453125,73.73046875,71.2890625
72.75390625,65.4296875,66.89453125,73.73046875,71.2890625
72.75390625,65.4296875,66.89453125,73.73046875,71.2890625
72.75390625,65.4296875,66.89453125,73.73046875,71.2890625
72.75390625,65.4296875,66.89453125,73.73046875,71.2890625
62.98828125,63.4765625,63.96484375,61.03515625,64.453125
62.98828125,63.4765625,63.96484375,61.03515625,64.453125
62.98828125,63.4765625,63.96484375,61.03515625,64.453125
62.98828125,63.4765625,63.96484375,61.03515625,64.453125
62.98828125,63.4765625,63.96484375,61.03515625,64.453125
62.98828125,63.4765625,63.96484375,61.03515625,64.453125
62.98828125,63.4765625,63.96484375,61.03515625,64.453125
62.98828125,63.4765625,63.96484375,61.03515625,64.453125
62.98828125,63.4765625,63.96484375,61.03515625,64.453125
62.98828125,63.4765625,63.96484375,61.03515625,64.453125
109.375,104.4921875,103.515625,104.4921875,103.02734375
109.375,104.4921875,103.515625,104.4921875,103.02734375
71.77734375,73.2421875,71.77734375,67.3828125,70.80078125
71.77734375,73.2421875,71.77734375,67.3828125,70.80078125
71.77734375,73.2421875,71.77734375,67.3828125,70.80078125
71.77734375,73.2421875,71.77734375,67.3828125,70.80078125
71.77734375,73.2421875,71.77734375,67.3828125,70.80078125
71.77734375,73.2421875,71.77734375,67.3828125,70.80078125
76.66015625,72.265625,66.89453125,66.40625,73.73046875
76.66015625,72.265625,66.89453125,66.40625,73.73046875
76.66015625,72.265625,66.89453125,66.40625,73.73046875
76.66015625,72.265625,66.89453125,66.40625,73.73046875
76.66015625,72.265625,66.89453125,66.40625,73.73046875
76.66015625,72.265625,66.89453125,66.40625,73.73046875
76.66015625,72.265625,66.89453125,66.40625,73.73046875
76.66015625,72.265625,66.89453125,66.40625,73.73046875
76.66015625,72.265625,66.89453125,66.40625,73.73046875
76.66015625,72.265625,66.89453125,66.40625,73.73046875
76.66015625,72.265625,66.89453125,66.40625,73.73046875
76.66015625,72.265625,66.89453125,66.40625,73.73046875
76.66015625,72.265625,66.89453125,66.40625,73.73046875
76.66015625,72.265625,66.89453125,66.40625,73.73046875
76.66015625,72.265625,66.89453125,66.40625,73.73046875
76.66015625,72.265625,66.89453125,66.40625,73.73046875
76.66015625,72.265625,66.89453125,66.40625,73.73046875
76.66015625,72.265625,66.89453125,66.40625,73.73046875
74.21875,77.1484375,72.265625,69.82421875,63.4765625
74.21875,77.1484375,72.265625,69.82421875,63.4765625
74.21875,77.1484375,72.265625,69.82421875,63.4765625
74.21875,77.1484375,72.265625,69.82421875,63.4765625
74.21875,77.1484375,72.265625,69.82421875,63.4765625
74.21875,77.1484375,72.265625,69.82421875,63.4765625
74.21875,77.1484375,72.265625,69.82421875,63.4765625
74.21875,77.1484375,72.265625,69.82421875,63.4765625
74.21875,77.1484375,72.265625,69.82421875,63.4765625
103.515625,98.14453125,89.84375,83.984375,82.51953125
65.91796875,68.84765625,71.2890625,65.91796875,71.77734375
65.91796875,68.84765625,71.2890625,65.91796875,71.77734375
65.91796875,68.84765625,71.2890625,65.91796875,71.77734375
65.91796875,68.84765625,71.2890625,65.91796875,71.77734375
65.91796875,68.84765625,71.2890625,65.91796875,71.77734375
65.91796875,68.84765625,71.2890625,65.91796875,71.77734375
65.91796875,68.84765625,71.2890625,65.91796875,71.77734375
65.91796875,68.84765625,71.2890625,65.91796875,71.77734375
40.0390625,7.32421875,-50.29296875,-30.76171875,20.99609375
78.61328125,72.75390625,74.70703125,72.265625,66.40625
78.61328125,72.75390625,74.70703125,72.265625,66.40625
78.61328125,72.75390625,74.70703125,72.265625,66.40625
78.61328125,72.75390625,74.70703125,72.265625,66.40625
78.61328125,72.75390625,74.70703125,72.265625,66.40625
78.61328125,72.75390625,74.70703125,72.265625,66.40625
78.61328125,72.75390625,74.70703125,72.265625,66.40625
78.61328125,72.75390625,74.70703125,72.265625,66.40625
92.7734375,91.796875,96.6796875,95.703125,91.30859375
92.7734375,91.796875,96.6796875,95.703125,91.30859375
92.7734375,91.796875,96.6796875,95.703125,91.30859375
66.40625,62.98828125,64.94140625,62.01171875,62.5
66.40625,62.98828125,64.94140625,62.01171875,62.5
66.40625,62.98828125,64.94140625,62.01171875,62.5
66.40625,62.98828125,64.94140625,62.01171875,62.5
94.23828125,85.9375,84.47265625,83.49609375,90.33203125
-47.8515625,1.953125,38.0859375,-16.11328125,-54.6875
-47.8515625,1.953125,38.0859375,-16.11328125,-54.6875
64.94140625,57.6171875,62.98828125,67.87109375,68.84765625
64.94140625,57.6171875,62.98828125,67.87109375,68.84765625
64.94140625,57.6171875,62.98828125,67.87109375,68.84765625
64.94140625,57.6171875,62.98828125,67.87109375,68.84765625
64.94140625,57.6171875,62.98828125,67.87109375,68.84765625
64.94140625,57.6171875,62.98828125,67.87109375,68.84765625
64.94140625,57.6171875,62.98828125,67.87109375,68.84765625
-53.7109375,-56.640625,0.9765625,23.92578125,-38.57421875
68.84765625,60.05859375,58.59375,55.17578125,58.59375
68.84765625,60.05859375,58.59375,55.17578125,58.59375
68.84765625,60.05859375,58.59375,55.17578125,58.59375
68.84765625,60.05859375,58.59375,55.17578125,58.59375
68.84765625,60.05859375,58.59375,55.17578125,58.59375
68.84765625,60.05859375,58.59375,55.17578125,58.59375
-3.90625,-20.01953125,12.6953125,34.1796875,15.625
16.11328125,-35.15625,-19.04296875,33.69140625,20.99609375
16.11328125,-35.15625,-19.04296875,33.69140625,20.99609375
16.11328125,-35.15625,-19.04296875,33.69140625,20.99609375
16.11328125,-35.15625,-19.04296875,33.69140625,20.99609375
16.11328125,-35.15625,-19.04296875,33.69140625,20.99609375
16.11328125,-35.15625,-19.04296875,33.69140625,20.99609375
16.11328125,-35.15625,-19.04296875,33.69140625,20.99609375
16.11328125,-35.15625,-19.04296875,33.69140625,20.99609375
68.84765625,66.40625,67.3828125,65.91796875,65.4296875
68.84765625,66.40625,67.3828125,65.91796875,65.4296875
68.359375,67.3828125,68.84765625,65.4296875,69.82421875
68.359375,67.3828125,68.84765625,65.4296875,69.82421875
68.359375,67.3828125,68.84765625,65.4296875,69.82421875
68.359375,67.3828125,68.84765625,65.4296875,69.82421875
68.359375,67.3828125,68.84765625,65.4296875,69.82421875
68.359375,67.3828125,68.84765625,65.4296875,69.82421875
68.359375,67.3828125,68.84765625,65.4296875,69.82421875
8.7890625,41.9921875,-20.01953125,-51.26953125,2.9296875
65.4296875,68.84765625,69.3359375,67.87109375,70.80078125
65.4296875,68.84765625,69.3359375,67.87109375,70.80078125
65.4296875,68.84765625,69.3359375,67.87109375,70.80078125
65.4296875,68.84765625,69.3359375,67.87109375,70.80078125
65.4296875,68.84765625,69.3359375,67.87109375,70.80078125
65.4296875,68.84765625,69.3359375,67.87109375,70.80078125
65.4296875,68.84765625,69.3359375,67.87109375,70.80078125
65.4296875,68.84765625,69.3359375,67.87109375,70.80078125
65.4296875,68.84765625,69.3359375,67.87109375,70.80078125
-41.50390625,-4.39453125,-1.46484375,-43.9453125,-44.921875
-41.50390625,-4.39453125,-1.46484375,-43.9453125,-44.921875
-41.50390625,-4.39453125,-1.46484375,-43.9453125,-44.921875
-41.50390625,-4.39453125,-1.46484375,-43.9453125,-44.921875
-41.50390625,-4.39453125,-1.46484375,-43.9453125,-44.921875
-41.50390625,-4.39453125,-1.46484375,-43.9453125,-44.921875
-41.50390625,-4.39453125,-1.46484375,-43.9453125,-44.921875
-48.33984375,11.23046875,21.484375,-47.8515625,-62.5
-44.921875,-30.2734375,30.76171875,29.78515625,-33.203125
72.75390625,67.87109375,70.3125,67.3828125,64.453125
72.75390625,67.87109375,70.3125,67.3828125,64.453125
72.75390625,67.87109375,70.3125,67.3828125,64.453125
72.75390625,67.87109375,70.3125,67.3828125,64.453125
72.75390625,67.87109375,70.3125,67.3828125,64.453125
72.75390625,67.87109375,70.3125,67.3828125,64.453125
72.75390625,67.87109375,70.3125,67.3828125,64.453125
72.75390625,67.87109375,70.3125,67.3828125,64.453125
-16.11328125,-41.9921875,-20.99609375,17.08984375,-7.32421875
56.15234375,53.22265625,61.03515625,66.89453125,70.80078125
56.15234375,53.22265625,61.03515625,66.89453125,70.80078125
56.15234375,53.22265625,61.03515625,66.89453125,70.80078125
56.15234375,53.22265625,61.03515625,66.89453125,70.80078125
56.15234375,53.22265625,61.03515625,66.89453125,70.80078125
56.15234375,53.22265625,61.03515625,66.89453125,70.80078125
56.15234375,53.22265625,61.03515625,66.89453125,70.80078125
56.15234375,53.22265625,61.03515625,66.89453125,70.80078125
56.15234375,53.22265625,61.03515625,66.89453125,70.80078125
56.15234375,53.22265625,61.03515625,66.89453125,70.80078125
56.15234375,53.22265625,61.03515625,66.89453125,70.80078125
68.84765625,61.5234375,60.05859375,70.80078125,70.80078125
68.84765625,61.5234375,60.05859375,70.80078125,70.80078125
68.84765625,61.5234375,60.05859375,70.80078125,70.80078125
68.84765625,61.5234375,60.05859375,70.80078125,70.80078125
68.84765625,61.5234375,60.05859375,70.80078125,70.80078125
68.84765625,61.5234375,60.05859375,70.80078125,70.80078125
68.84765625,61.5234375,60.05859375,70.80078125,70.80078125
70.3125,74.21875,74.21875,71.2890625,74.70703125
70.3125,74.21875,74.21875,71.2890625,74.70703125
70.3125,74.21875,74.21875,71.2890625,74.70703125
70.3125,74.21875,74.21875,71.2890625,74.70703125
70.3125,74.21875,74.21875,71.2890625,74.70703125
70.3125,74.21875,74.21875,71.2890625,74.70703125
70.3125,74.21875,74.21875,71.2890625,74.70703125
-34.66796875,27.83203125,12.6953125,-48.33984375,-49.8046875
70.3125,73.73046875,68.359375,65.4296875,73.2421875
70.3125,73.73046875,68.359375,65.4296875,73.2421875
70.3125,73.73046875,68.359375,65.4296875,73.2421875
70.3125,73.73046875,68.359375,65.4296875,73.2421875
70.3125,73.73046875,68.359375,65.4296875,73.2421875
70.3125,73.73046875,68.359375,65.4296875,73.2421875
70.3125,73.73046875,68.359375,65.4296875,73.2421875
70.3125,73.73046875,68.359375,65.4296875,73.2421875
70.3125,73.73046875,68.359375,65.4296875,73.2421875
70.3125,73.73046875,68.359375,65.4296875,73.2421875
90.8203125,95.21484375,103.515625,98.6328125,97.65625
75.1953125,76.66015625,78.61328125,80.56640625,80.078125
75.1953125,76.66015625,78.61328125,80.56640625,80.078125
75.1953125,76.66015625,78.61328125,80.56640625,80.078125
75.1953125,76.66015625,78.61328125,80.56640625,80.078125
75.1953125,76.66015625,78.61328125,80.56640625,80.078125
75.1953125,76.66015625,78.61328125,80.56640625,80.078125
75.1953125,76.66015625,78.61328125,80.56640625,80.078125
63.96484375,72.265625,75.1953125,73.73046875,68.84765625
63.96484375,72.265625,75.1953125,73.73046875,68.84765625
63.96484375,72.265625,75.1953125,73.73046875,68.84765625
63.96484375,72.265625,75.1953125,73.73046875,68.84765625
63.96484375,72.265625,75.1953125,73.73046875,68.84765625
63.96484375,72.265625,75.1953125,73.73046875,68.84765625
63.96484375,72.265625,75.1953125,73.73046875,68.84765625
63.96484375,72.265625,75.1953125,73.73046875,68.84765625
63.96484375,72.265625,75.1953125,73.73046875,68.84765625
63.96484375,72.265625,75.1953125,73.73046875,68.84765625
65.4296875,66.40625,75.1953125,73.2421875,71.2890625
65.4296875,66.40625,75.1953125,73.2421875,71.2890625
65.4296875,66.40625,75.1953125,73.2421875,71.2890625
65.4296875,66.40625,75.1953125,73.2421875,71.2890625
65.4296875,66.40625,75.1953125,73.2421875,71.2890625
65.4296875,66.40625,75.1953125,73.2421875,71.2890625
65.4296875,66.40625,75.1953125,73.2421875,71.2890625
34.1796875,17.578125,-47.36328125,-48.828125,6.34765625
76.66015625,68.359375,64.94140625,69.3359375,64.94140625
76.66015625,68.359375,64.94140625,69.3359375,64.94140625
76.66015625,68.359375,64.94140625,69.3359375,64.94140625
76.66015625,68.359375,64.94140625,69.3359375,64.94140625
76.66015625,68.359375,64.94140625,69.3359375,64.94140625
76.66015625,68.359375,64.94140625,69.3359375,64.94140625
76.66015625,68.359375,64.94140625,69.3359375,64.94140625
76.66015625,68.359375,64.94140625,69.3359375,64.94140625
76.66015625,68.359375,64.94140625,69.3359375,64.94140625
-26.3671875,27.34375,-0.9765625,-41.50390625,-24.90234375
-26.3671875,27.34375,-0.9765625,-41.50390625,-24.90234375
-26.3671875,27.34375,-0.9765625,-41.50390625,-24.90234375
-26.3671875,27.34375,-0.9765625,-41.50390625,-24.90234375
-26.3671875,27.34375,-0.9765625,-41.50390625,-24.90234375
-26.3671875,27.34375,-0.9765625,-41.50390625,-24.90234375
69.3359375,71.77734375,75.68359375,74.21875,80.078125
69.3359375,71.77734375,75.68359375,74.21875,80.078125
67.87109375,71.2890625,65.4296875,62.5,70.3125
67.87109375,71.2890625,65.4296875,62.5,70.3125
67.87109375,71.2890625,65.4296875,62.5,70.3125
67.87109375,71.2890625,65.4296875,62.5,70.3125
67.87109375,71.2890625,65.4296875,62.5,70.3125
67.87109375,71.2890625,65.4296875,62.5,70.3125
67.87109375,71.2890625,65.4296875,62.5,70.3125
67.87109375,71.2890625,65.4296875,62.5,70.3125
67.87109375,71.2890625,65.4296875,62.5,70.3125
67.87109375,71.2890625,65.4296875,62.5,70.3125
67.87109375,68.359375,73.73046875,77.63671875,77.1484375
67.87109375,68.359375,73.73046875,77.63671875,77.1484375
67.87109375,68.359375,73.73046875,77.63671875,77.1484375
67.87109375,68.359375,73.73046875,77.63671875,77.1484375
67.87109375,68.359375,73.73046875,77.63671875,77.1484375
67.87109375,68.359375,73.73046875,77.63671875,77.1484375
67.87109375,68.359375,73.73046875,77.63671875,77.1484375
67.87109375,68.359375,73.73046875,77.63671875,77.1484375
22.4609375,-38.57421875,-40.0390625,20.99609375,33.69140625
74.21875,70.3125,69.82421875,69.3359375,68.84765625
74.21875,70.3125,69.82421875,69.3359375,68.84765625
74.21875,70.3125,69.82421875,69.3359375,68.84765625
74.21875,70.3125,69.82421875,69.3359375,68.84765625
74.21875,70.3125,69.82421875,69.3359375,68.84765625
74.21875,70.3125,69.82421875,69.3359375,68.84765625
74.21875,70.3125,69.82421875,69.3359375,68.84765625
74.21875,70.3125,69.82421875,69.3359375,68.84765625
74.21875,70.3125,69.82421875,69.3359375,68.84765625
29.78515625,-17.578125,-67.87109375,-35.15625,25.87890625
68.84765625,69.82421875,69.82421875,67.3828125,63.4765625
68.84765625,69.82421875,69.82421875,67.3828125,63.4765625
68.84765625,69.82421875,69.82421875,67.3828125,63.4765625
68.84765625,69.82421875,69.82421875,67.3828125,63.4765625
68.84765625,69.82421875,69.82421875,67.3828125,63.4765625
68.84765625,69.82421875,69.82421875,67.3828125,63.4765625
-5.859375,17.578125,-22.94921875,-38.0859375,-0.48828125
7.32421875,42.48046875,-11.23046875,-34.66796875,3.90625
7.32421875,42.48046875,-11.23046875,-34.66796875,3.90625
7.32421875,42.48046875,-11.23046875,-34.66796875,3.90625
7.32421875,42.48046875,-11.23046875,-34.66796875,3.90625
71.2890625,69.82421875,70.3125,71.2890625,73.73046875
71.2890625,69.82421875,70.3125,71.2890625,73.73046875
71.2890625,69.82421875,70.3125,71.2890625,73.73046875
71.2890625,69.82421875,70.3125,71.2890625,73.73046875
71.2890625,69.82421875,70.3125,71.2890625,73.73046875
71.2890625,69.82421875,70.3125,71.2890625,73.73046875
66.89453125,66.89453125,73.73046875,73.2421875,69.82421875
66.89453125,66.89453125,73.73046875,73.2421875,69.82421875
66.89453125,66.89453125,73.73046875,73.2421875,69.82421875
66.89453125,66.89453125,73.73046875,73.2421875,69.82421875
66.89453125,66.89453125,73.73046875,73.2421875,69.82421875
66.89453125,66.89453125,73.73046875,73.2421875,69.82421875
66.89453125,66.89453125,73.73046875,73.2421875,69.82421875
-46.875,-31.73828125,28.80859375,21.97265625,-34.1796875
-46.875,-31.73828125,28.80859375,21.97265625,-34.1796875
-46.875,-31.73828125,28.80859375,21.97265625,-34.1796875
-46.875,-31.73828125,28.80859375,21.97265625,-34.1796875
-46.875,-31.73828125,28.80859375,21.97265625,-34.1796875
64.94140625,65.91796875,70.3125,65.91796875,71.77734375
64.94140625,65.91796875,70.3125,65.91796875,71.77734375
64.94140625,65.91796875,70.3125,65.91796875,71.77734375
64.94140625,65.91796875,70.3125,65.91796875,71.77734375
64.94140625,65.91796875,70.3125,65.91796875,71.77734375
64.94140625,65.91796875,70.3125,65.91796875,71.77734375
64.94140625,62.01171875,60.546875,61.03515625,60.05859375
64.94140625,62.01171875,60.546875,61.03515625,60.05859375
64.94140625,62.01171875,60.546875,61.03515625,60.05859375
64.94140625,62.01171875,60.546875,61.03515625,60.05859375
64.94140625,62.01171875,60.546875,61.03515625,60.05859375
64.94140625,62.01171875,60.546875,61.03515625,60.05859375
101.07421875,99.609375,101.5625,102.5390625,98.6328125
35.15625,-22.94921875,-49.8046875,-1.46484375,43.9453125
35.15625,-22.94921875,-49.8046875,-1.46484375,43.9453125
35.15625,-22.94921875,-49.8046875,-1.46484375,43.9453125
35.15625,-22.94921875,-49.8046875,-1.46484375,43.9453125
35.15625,-22.94921875,-49.8046875,-1.46484375,43.9453125
69.82421875,64.453125,65.4296875,67.87109375,66.89453125
69.82421875,64.453125,65.4296875,67.87109375,66.89453125
69.82421875,64.453125,65.4296875,67.87109375,66.89453125
69.82421875,64.453125,65.4296875,67.87109375,66.89453125
69.82421875,64.453125,65.4296875,67.87109375,66.89453125
69.82421875,64.453125,65.4296875,67.87109375,66.89453125
59.5703125,56.15234375,57.6171875,52.734375,55.17578125
59.5703125,56.15234375,57.6171875,52.734375,55.17578125
59.5703125,56.15234375,57.6171875,52.734375,55.17578125
59.5703125,56.15234375,57.6171875,52.734375,55.17578125
59.5703125,56.15234375,57.6171875,52.734375,55.17578125
59.5703125,56.15234375,57.6171875,52.734375,55.17578125
-51.26953125,16.6015625,4.8828125,-60.546875,-57.6171875
-51.26953125,16.6015625,4.8828125,-60.546875,-57.6171875
-51.26953125,16.6015625,4.8828125,-60.546875,-57.6171875
-51.26953125,16.6015625,4.8828125,-60.546875,-57.6171875
-51.26953125,16.6015625,4.8828125,-60.546875,-57.6171875
-51.26953125,16.6015625,4.8828125,-60.546875,-57.6171875
54.19921875,58.59375,57.6171875,52.734375,55.6640625
54.19921875,58.59375,57.6171875,52.734375,55.6640625
54.19921875,58.59375,57.6171875,52.734375,55.6640625
54.19921875,58.59375,57.6171875,52.734375,55.6640625
54.19921875,58.59375,57.6171875,52.734375,55.6640625
54.19921875,58.59375,57.6171875,52.734375,55.6640625
63.4765625,62.5,66.89453125,69.82421875,73.2421875
63.4765625,62.5,66.89453125,69.82421875,73.2421875
63.4765625,62.5,66.89453125,69.82421875,73.2421875
63.4765625,62.5,66.89453125,69.82421875,73.2421875
63.4765625,62.5,66.89453125,69.82421875,73.2421875
63.4765625,62.5,66.89453125,69.82421875,73.2421875
70.3125,69.82421875,64.453125,65.91796875,63.4765625
70.3125,69.82421875,64.453125,65.91796875,63.4765625
70.3125,69.82421875,64.453125,65.91796875,63.4765625
70.3125,69.82421875,64.453125,65.91796875,63.4765625
70.3125,69.82421875,64.453125,65.91796875,63.4765625
70.3125,69.82421875,64.453125,65.91796875,63.4765625
70.3125,69.82421875,64.453125,65.91796875,63.4765625
70.3125,69.82421875,64.453125,65.91796875,63.4765625
70.3125,69.82421875,64.453125,65.91796875,63.4765625
70.3125,69.82421875,64.453125,65.91796875,63.4765625
70.3125,69.82421875,64.453125,65.91796875,63.4765625
70.3125,69.82421875,64.453125,65.91796875,63.4765625
65.91796875,65.4296875,72.265625,72.75390625,69.82421875
65.91796875,65.4296875,72.265625,72.75390625,69.82421875
65.91796875,65.4296875,72.265625,72.75390625,69.82421875
65.91796875,65.4296875,72.265625,72.75390625,69.82421875
65.91796875,65.4296875,72.265625,72.75390625,69.82421875
65.91796875,65.4296875,72.265625,72.75390625,69.82421875
65.91796875,68.359375,65.91796875,57.12890625,63.96484375
65.91796875,68.359375,65.91796875,57.12890625,63.96484375
65.91796875,68.359375,65.91796875,57.12890625,63.96484375
65.91796875,68.359375,65.91796875,57.12890625,63.96484375
65.91796875,68.359375,65.91796875,57.12890625,63.96484375
65.91796875,68.359375,65.91796875,57.12890625,63.96484375
65.91796875,68.359375,65.91796875,57.12890625,63.96484375
65.91796875,68.359375,65.91796875,57.12890625,63.96484375
65.91796875,68.359375,65.91796875,57.12890625,63.96484375
65.91796875,68.359375,65.91796875,57.12890625,63.96484375
65.91796875,68.359375,65.91796875,57.12890625,63.96484375
65.91796875,68.359375,65.91796875,57.12890625,63.96484375
51.7578125,53.7109375,56.15234375,56.15234375,61.5234375
51.7578125,53.7109375,56.15234375,56.15234375,61.5234375
51.7578125,53.7109375,56.15234375,56.15234375,61.5234375
51.7578125,53.7109375,56.15234375,56.15234375,61.5234375
51.7578125,53.7109375,56.15234375,56.15234375,61.5234375
51.7578125,53.7109375,56.15234375,56.15234375,61.5234375
57.6171875,59.08203125,58.59375,52.734375,50.78125
57.6171875,59.08203125,58.59375,52.734375,50.78125
57.6171875,59.08203125,58.59375,52.734375,50.78125
57.6171875,59.08203125,58.59375,52.734375,50.78125
57.6171875,59.08203125,58.59375,52.734375,50.78125
57.6171875,59.08203125,58.59375,52.734375,50.78125
57.6171875,59.08203125,58.59375,52.734375,50.78125
57.6171875,59.08203125,58.59375,52.734375,50.78125
57.6171875,59.08203125,58.59375,52.734375,50.78125
57.6171875,59.08203125,58.59375,52.734375,50.78125
57.6171875,59.08203125,58.59375,52.734375,50.78125
57.6171875,59.08203125,58.59375,52.734375,50.78125
46.875,52.734375,57.12890625,51.7578125,54.6875
46.875,52.734375,57.12890625,51.7578125,54.6875
46.875,52.734375,57.12890625,51.7578125,54.6875
46.875,52.734375,57.12890625,51.7578125,54.6875
46.875,52.734375,57.12890625,51.7578125,54.6875
46.875,52.734375,57.12890625,51.7578125,54.6875
46.875,52.734375,57.12890625,51.7578125,54.6875
46.875,52.734375,57.12890625,51.7578125,54.6875
46.875,52.734375,57.12890625,51.7578125,54.6875
23.4375,-30.2734375,-25.390625,23.92578125,26.3671875
59.08203125,61.5234375,61.5234375,54.6875,51.7578125
59.08203125,61.5234375,61.5234375,54.6875,51.7578125
59.08203125,61.5234375,61.5234375,54.6875,51.7578125
59.08203125,61.5234375,61.5234375,54.6875,51.7578125
59.08203125,61.5234375,61.5234375,54.6875,51.7578125
59.08203125,61.5234375,61.5234375,54.6875,51.7578125
59.08203125,61.5234375,61.5234375,54.6875,51.7578125
13.18359375,-20.01953125,-56.15234375,-39.55078125,-6.34765625
60.546875,58.59375,58.59375,59.08203125,59.5703125
60.546875,58.59375,58.59375,59.08203125,59.5703125
60.546875,58.59375,58.59375,59.08203125,59.5703125
60.546875,58.59375,58.59375,59.08203125,59.5703125
60.546875,58.59375,58.59375,59.08203125,59.5703125
60.546875,58.59375,58.59375,59.08203125,59.5703125
67.3828125,65.91796875,69.3359375,70.3125,66.89453125
67.3828125,65.91796875,69.3359375,70.3125,66.89453125
67.3828125,65.91796875,69.3359375,70.3125,66.89453125
67.3828125,65.91796875,69.3359375,70.3125,66.89453125
67.3828125,65.91796875,69.3359375,70.3125,66.89453125
67.3828125,65.91796875,69.3359375,70.3125,66.89453125
67.3828125,65.91796875,69.3359375,70.3125,66.89453125
67.3828125,65.91796875,69.3359375,70.3125,66.89453125
67.3828125,65.91796875,69.3359375,70.3125,66.89453125
67.3828125,65.91796875,69.3359375,70.3125,66.89453125
-35.64453125,20.5078125,36.1328125,-26.3671875,-47.36328125
-35.64453125,20.5078125,36.1328125,-26.3671875,-47.36328125
57.6171875,55.17578125,49.8046875,52.734375,63.4765625
57.6171875,55.17578125,49.8046875,52.734375,63.4765625
57.6171875,55.17578125,49.8046875,52.734375,63.4765625
57.6171875,55.17578125,49.8046875,52.734375,63.4765625
57.6171875,55.17578125,49.8046875,52.734375,63.4765625
57.6171875,55.17578125,49.8046875,52.734375,63.4765625
64.453125,58.10546875,55.6640625,53.22265625,53.7109375
64.453125,58.10546875,55.6640625,53.22265625,53.7109375
64.453125,58.10546875,55.6640625,53.22265625,53.7109375
64.453125,58.10546875,55.6640625,53.22265625,53.7109375
64.453125,58.10546875,55.6640625,53.22265625,53.7109375
64.453125,58.10546875,55.6640625,53.22265625,53.7109375
64.453125,58.10546875,55.6640625,53.22265625,53.7109375
64.453125,58.10546875,55.6640625,53.22265625,53.7109375
64.453125,58.10546875,55.6640625,53.22265625,53.7109375
-11.71875,-27.83203125,-13.18359375,26.3671875,9.765625
62.5,60.05859375,56.15234375,59.5703125,62.01171875
62.5,60.05859375,56.15234375,59.5703125,62.01171875
62.5,60.05859375,56.15234375,59.5703125,62.01171875
62.5,60.05859375,56.15234375,59.5703125,62.01171875
62.5,60.05859375,56.15234375,59.5703125,62.01171875
62.5,60.05859375,56.15234375,59.5703125,62.01171875
62.5,60.05859375,56.15234375,59.5703125,62.01171875
62.5,60.05859375,56.15234375,59.5703125,62.01171875
57.6171875,58.59375,58.10546875,57.12890625,56.640625
57.6171875,58.59375,58.10546875,57.12890625,56.640625
57.6171875,58.59375,58.10546875,57.12890625,56.640625
57.6171875,58.59375,58.10546875,57.12890625,56.640625
57.6171875,58.59375,58.10546875,57.12890625,56.640625
57.6171875,58.59375,58.10546875,57.12890625,56.640625
57.6171875,58.59375,58.10546875,57.12890625,56.640625
57.6171875,58.59375,58.10546875,57.12890625,56.640625
57.6171875,58.59375,58.10546875,57.12890625,56.640625
39.0625,50.29296875,-16.6015625,-27.34375,16.11328125
39.0625,50.29296875,-16.6015625,-27.34375,16.11328125
39.0625,50.29296875,-16.6015625,-27.34375,16.11328125
39.0625,50.29296875,-16.6015625,-27.34375,16.11328125
70.3125,71.2890625,68.359375,68.84765625,71.2890625
70.3125,71.2890625,68.359375,68.84765625,71.2890625
70.3125,71.2890625,68.359375,68.84765625,71.2890625
70.3125,71.2890625,68.359375,68.84765625,71.2890625
70.3125,71.2890625,68.359375,68.84765625,71.2890625
61.5234375,64.453125,62.01171875,62.01171875,58.10546875
61.5234375,64.453125,62.01171875,62.01171875,58.10546875
61.5234375,64.453125,62.01171875,62.01171875,58.10546875
61.5234375,64.453125,62.01171875,62.01171875,58.10546875
61.5234375,64.453125,62.01171875,62.01171875,58.10546875
61.5234375,64.453125,62.01171875,62.01171875,58.10546875
61.5234375,64.453125,62.01171875,62.01171875,58.10546875
61.5234375,64.453125,62.01171875,62.01171875,58.10546875
61.5234375,64.453125,62.01171875,62.01171875,58.10546875
98.14453125,95.703125,96.19140625,96.6796875,103.515625
61.03515625,61.03515625,65.4296875,70.3125,68.84765625
61.03515625,61.03515625,65.4296875,70.3125,68.84765625
61.03515625,61.03515625,65.4296875,70.3125,68.84765625
61.03515625,61.03515625,65.4296875,70.3125,68.84765625
61.03515625,61.03515625,65.4296875,70.3125,68.84765625
61.03515625,61.03515625,65.4296875,70.3125,68.84765625
61.03515625,61.03515625,65.4296875,70.3125,68.84765625
61.03515625,61.03515625,65.4296875,70.3125,68.84765625
55.17578125,53.7109375,55.17578125,58.10546875,65.4296875
55.17578125,53.7109375,55.17578125,58.10546875,65.4296875
55.17578125,53.7109375,55.17578125,58.10546875,65.4296875
55.17578125,53.7109375,55.17578125,58.10546875,65.4296875
55.17578125,53.7109375,55.17578125,58.10546875,65.4296875
55.17578125,53.7109375,55.17578125,58.10546875,65.4296875
55.17578125,53.7109375,55.17578125,58.10546875,65.4296875
55.17578125,53.7109375,55.17578125,58.10546875,65.4296875
55.17578125,53.7109375,55.17578125,58.10546875,65.4296875
61.5234375,58.59375,60.546875,60.546875,56.640625
61.5234375,58.59375,60.546875,60.546875,56.640625
61.5234375,58.59375,60.546875,60.546875,56.640625
61.5234375,58.59375,60.546875,60.546875,56.640625
61.5234375,58.59375,60.546875,60.546875,56.640625
61.5234375,58.59375,60.546875,60.546875,56.640625
61.5234375,58.59375,60.546875,60.546875,56.640625
61.5234375,58.59375,60.546875,60.546875,56.640625
61.5234375,58.59375,60.546875,60.546875,56.640625
66.89453125,70.3125,59.5703125,60.546875,64.453125
66.89453125,70.3125,59.5703125,60.546875,64.453125
66.89453125,70.3125,59.5703125,60.546875,64.453125
66.89453125,70.3125,59.5703125,60.546875,64.453125
66.89453125,70.3125,59.5703125,60.546875,64.453125
66.89453125,70.3125,59.5703125,60.546875,64.453125
66.89453125,70.3125,59.5703125,60.546875,64.453125
66.89453125,70.3125,59.5703125,60.546875,64.453125
66.89453125,70.3125,59.5703125,60.546875,64.453125
-18.06640625,34.1796875,0,-53.22265625,-34.1796875
64.94140625,66.40625,70.3125,67.3828125,60.546875
64.94140625,66.40625,70.3125,67.3828125,60.546875
64.94140625,66.40625,70.3125,67.3828125,60.546875
64.94140625,66.40625,70.3125,67.3828125,60.546875
64.94140625,66.40625,70.3125,67.3828125,60.546875
64.94140625,66.40625,70.3125,67.3828125,60.546875
64.94140625,66.40625,70.3125,67.3828125,60.546875
64.94140625,66.40625,70.3125,67.3828125,60.546875
74.70703125,77.1484375,75.1953125,74.21875,76.171875
74.70703125,77.1484375,75.1953125,74.21875,76.171875
74.70703125,77.1484375,75.1953125,74.21875,76.171875
74.70703125,77.1484375,75.1953125,74.21875,76.171875
74.70703125,77.1484375,75.1953125,74.21875,76.171875
74.70703125,77.1484375,75.1953125,74.21875,76.171875
74.70703125,77.1484375,75.1953125,74.21875,76.171875
74.70703125,77.1484375,75.1953125,74.21875,76.171875
74.70703125,77.1484375,75.1953125,74.21875,76.171875
74.70703125,77.1484375,75.1953125,74.21875,76.171875
69.82421875,66.40625,66.40625,70.3125,68.84765625
69.82421875,66.40625,66.40625,70.3125,68.84765625
69.82421875,66.40625,66.40625,70.3125,68.84765625
69.82421875,66.40625,66.40625,70.3125,68.84765625
69.82421875,66.40625,66.40625,70.3125,68.84765625
69.82421875,66.40625,66.40625,70.3125,68.84765625
69.82421875,66.40625,66.40625,70.3125,68.84765625
69.82421875,66.40625,66.40625,70.3125,68.84765625
69.82421875,66.40625,66.40625,70.3125,68.84765625
69.82421875,66.40625,66.40625,70.3125,68.84765625
67.3828125,64.453125,65.4296875,69.3359375,64.453125
67.3828125,64.453125,65.4296875,69.3359375,64.453125
67.3828125,64.453125,65.4296875,69.3359375,64.453125
67.3828125,64.453125,65.4296875,69.3359375,64.453125
67.3828125,64.453125,65.4296875,69.3359375,64.453125
67.3828125,64.453125,65.4296875,69.3359375,64.453125
67.3828125,64.453125,65.4296875,69.3359375,64.453125
33.69140625,-4.8828125,-62.98828125,-41.015625,23.92578125
62.01171875,60.05859375,56.640625,54.6875,57.12890625
62.01171875,60.05859375,56.640625,54.6875,57.12890625
62.01171875,60.05859375,56.640625,54.6875,57.12890625
62.01171875,60.05859375,56.640625,54.6875,57.12890625
62.01171875,60.05859375,56.640625,54.6875,57.12890625
62.01171875,60.05859375,56.640625,54.6875,57.12890625
-5.37109375,24.4140625,-5.37109375,-24.4140625,-2.9296875
-5.37109375,24.4140625,-5.37109375,-24.4140625,-2.9296875
-9.27734375,30.2734375,-9.27734375,-41.50390625,-8.7890625
59.5703125,66.89453125,65.4296875,63.4765625,65.91796875
59.5703125,66.89453125,65.4296875,63.4765625,65.91796875
59.5703125,66.89453125,65.4296875,63.4765625,65.91796875
59.5703125,66.89453125,65.4296875,63.4765625,65.91796875
59.5703125,66.89453125,65.4296875,63.4765625,65.91796875
59.5703125,66.89453125,65.4296875,63.4765625,65.91796875
59.5703125,66.89453125,65.4296875,63.4765625,65.91796875
-20.99609375,1.46484375,-0.9765625,-29.78515625,-35.15625
60.546875,52.734375,54.19921875,57.12890625,58.10546875
60.546875,52.734375,54.19921875,57.12890625,58.10546875
60.546875,52.734375,54.19921875,57.12890625,58.10546875
60.546875,52.734375,54.19921875,57.12890625,58.10546875
60.546875,52.734375,54.19921875,57.12890625,58.10546875
60.546875,52.734375,54.19921875,57.12890625,58.10546875
60.546875,52.734375,54.19921875,57.12890625,58.10546875
57.12890625,55.17578125,57.6171875,58.59375,59.08203125
57.12890625,55.17578125,57.6171875,58.59375,59.08203125
57.12890625,55.17578125,57.6171875,58.59375,59.08203125
57.12890625,55.17578125,57.6171875,58.59375,59.08203125
57.12890625,55.17578125,57.6171875,58.59375,59.08203125
57.12890625,55.17578125,57.6171875,58.59375,59.08203125
57.12890625,55.17578125,57.6171875,58.59375,59.08203125
57.12890625,55.17578125,57.6171875,58.59375,59.08203125
57.12890625,55.17578125,57.6171875,58.59375,59.08203125
57.12890625,55.17578125,57.6171875,58.59375,59.08203125
16.6015625,-35.15625,-12.20703125,46.38671875,20.99609375
57.6171875,54.6875,55.6640625,59.5703125,54.6875
57.6171875,54.6875,55.6640625,59.5703125,54.6875
57.6171875,54.6875,55.6640625,59.5703125,54.6875
57.6171875,54.6875,55.6640625,59.5703125,54.6875
57.6171875,54.6875,55.6640625,59.5703125,54.6875
57.6171875,54.6875,55.6640625,59.5703125,54.6875
57.6171875,54.6875,55.6640625,59.5703125,54.6875
57.6171875,54.6875,55.6640625,59.5703125,54.6875
57.6171875,54.6875,55.6640625,59.5703125,54.6875
31.25,-12.6953125,-41.015625,-8.7890625,19.53125
68.359375,68.359375,63.4765625,59.08203125,61.5234375
68.359375,68.359375,63.4765625,59.08203125,61.5234375
68.359375,68.359375,63.4765625,59.08203125,61.5234375
68.359375,68.359375,63.4765625,59.08203125,61.5234375
68.359375,68.359375,63.4765625,59.08203125,61.5234375
68.359375,68.359375,63.4765625,59.08203125,61.5234375
68.359375,68.359375,63.4765625,59.08203125,61.5234375
68.359375,68.359375,63.4765625,59.08203125,61.5234375
96.6796875,95.703125,99.609375,100.09765625,100.5859375
14.6484375,36.1328125,-19.53125,-48.33984375,7.32421875
14.6484375,36.1328125,-19.53125,-48.33984375,7.32421875
59.5703125,61.5234375,60.546875,63.4765625,66.89453125
59.5703125,61.5234375,60.546875,63.4765625,66.89453125
59.5703125,61.5234375,60.546875,63.4765625,66.89453125
59.5703125,61.5234375,60.546875,63.4765625,66.89453125
59.5703125,61.5234375,60.546875,63.4765625,66.89453125
59.5703125,61.5234375,60.546875,63.4765625,66.89453125
63.4765625,67.87109375,71.2890625,68.84765625,69.3359375
63.4765625,67.87109375,71.2890625,68.84765625,69.3359375
63.4765625,67.87109375,71.2890625,68.84765625,69.3359375
63.4765625,67.87109375,71.2890625,68.84765625,69.3359375
63.4765625,67.87109375,71.2890625,68.84765625,69.3359375
63.4765625,67.87109375,71.2890625,68.84765625,69.3359375
63.4765625,67.87109375,71.2890625,68.84765625,69.3359375
63.4765625,67.87109375,71.2890625,68.84765625,69.3359375
63.4765625,67.87109375,71.2890625,68.84765625,69.3359375
70.80078125,66.89453125,69.82421875,70.80078125,64.94140625
70.80078125,66.89453125,69.82421875,70.80078125,64.94140625
70.80078125,66.89453125,69.82421875,70.80078125,64.94140625
70.80078125,66.89453125,69.82421875,70.80078125,64.94140625
70.80078125,66.89453125,69.82421875,70.80078125,64.94140625
70.80078125,66.89453125,69.82421875,70.80078125,64.94140625
70.80078125,66.89453125,69.82421875,70.80078125,64.94140625
-1.46484375,-43.9453125,-2.9296875,49.8046875,-3.41796875
-1.46484375,-43.9453125,-2.9296875,49.8046875,-3.41796875
69.3359375,62.01171875,59.08203125,62.5,62.01171875
69.3359375,62.01171875,59.08203125,62.5,62.01171875
69.3359375,62.01171875,59.08203125,62.5,62.01171875
69.3359375,62.01171875,59.08203125,62.5,62.01171875
69.3359375,62.01171875,59.08203125,62.5,62.01171875
69.3359375,62.01171875,59.08203125,62.5,62.01171875
69.3359375,62.01171875,59.08203125,62.5,62.01171875
69.3359375,62.01171875,59.08203125,62.5,62.01171875
90.8203125,88.37890625,92.28515625,91.30859375,92.28515625
21.97265625,-45.41015625,-59.08203125,-3.41796875,31.25
21.97265625,-45.41015625,-59.08203125,-3.41796875,31.25
21.97265625,-45.41015625,-59.08203125,-3.41796875,31.25
58.10546875,56.640625,59.5703125,61.5234375,59.5703125
58.10546875,56.640625,59.5703125,61.5234375,59.5703125
58.10546875,56.640625,59.5703125,61.5234375,59.5703125
58.10546875,56.640625,59.5703125,61.5234375,59.5703125
64.453125,70.3125,77.1484375,73.73046875,70.3125
64.453125,70.3125,77.1484375,73.73046875,70.3125
64.453125,70.3125,77.1484375,73.73046875,70.3125
64.453125,70.3125,77.1484375,73.73046875,70.3125
64.453125,70.3125,77.1484375,73.73046875,70.3125
64.453125,70.3125,77.1484375,73.73046875,70.3125
64.453125,70.3125,77.1484375,73.73046875,70.3125
64.453125,70.3125,77.1484375,73.73046875,70.3125
64.453125,70.3125,77.1484375,73.73046875,70.3125
64.453125,70.3125,77.1484375,73.73046875,70.3125
46.875,40.0390625,37.59765625,36.1328125,36.62109375
46.875,40.0390625,37.59765625,36.1328125,36.62109375
46.875,40.0390625,37.59765625,36.1328125,36.62109375
46.875,40.0390625,37.59765625,36.1328125,36.62109375
46.875,40.0390625,37.59765625,36.1328125,36.62109375
46.875,40.0390625,37.59765625,36.1328125,36.62109375
46.875,40.0390625,37.59765625,36.1328125,36.62109375
-134.27734375,-80.56640625,-29.78515625,-61.03515625,-96.6796875
32.2265625,32.71484375,29.78515625,25.87890625,31.25
32.2265625,32.71484375,29.78515625,25.87890625,31.25
32.2265625,32.71484375,29.78515625,25.87890625,31.25
32.2265625,32.71484375,29.78515625,25.87890625,31.25
32.2265625,32.71484375,29.78515625,25.87890625,31.25
32.2265625,32.71484375,29.78515625,25.87890625,31.25
32.2265625,32.71484375,29.78515625,25.87890625,31.25
32.2265625,32.71484375,29.78515625,25.87890625,31.25
32.2265625,32.71484375,29.78515625,25.87890625,31.25
-17.578125,-26.85546875,29.78515625,69.82421875,19.04296875
-17.578125,-26.85546875,29.78515625,69.82421875,19.04296875
-17.578125,-26.85546875,29.78515625,69.82421875,19.04296875
-17.578125,-26.85546875,29.78515625,69.82421875,19.04296875
-17.578125,-26.85546875,29.78515625,69.82421875,19.04296875
56.15234375,51.26953125,54.6875,54.19921875,56.640625
56.15234375,51.26953125,54.6875,54.19921875,56.640625
71.77734375,41.50390625,41.50390625,77.1484375,90.8203125
74.70703125,73.73046875,72.265625,70.3125,67.3828125
74.70703125,73.73046875,72.265625,70.3125,67.3828125
74.70703125,73.73046875,72.265625,70.3125,67.3828125
74.70703125,73.73046875,72.265625,70.3125,67.3828125
74.70703125,73.73046875,72.265625,70.3125,67.3828125
74.70703125,73.73046875,72.265625,70.3125,67.3828125
74.70703125,73.73046875,72.265625,70.3125,67.3828125
74.70703125,73.73046875,72.265625,70.3125,67.3828125
74.70703125,73.73046875,72.265625,70.3125,67.3828125
74.70703125,73.73046875,72.265625,70.3125,67.3828125
62.01171875,63.4765625,64.94140625,62.5,63.4765625
62.01171875,63.4765625,64.94140625,62.5,63.4765625
62.01171875,63.4765625,64.94140625,62.5,63.4765625
62.01171875,63.4765625,64.94140625,62.5,63.4765625
62.01171875,63.4765625,64.94140625,62.5,63.4765625
62.01171875,63.4765625,64.94140625,62.5,63.4765625
62.01171875,63.4765625,64.94140625,62.5,63.4765625
35.15625,76.171875,29.78515625,-12.6953125,20.01953125
69.82421875,66.89453125,64.453125,64.94140625,69.3359375
69.82421875,66.89453125,64.453125,64.94140625,69.3359375
69.82421875,66.89453125,64.453125,64.94140625,69.3359375
69.82421875,66.89453125,64.453125,64.94140625,69.3359375
69.82421875,66.89453125,64.453125,64.94140625,69.3359375
69.82421875,66.89453125,64.453125,64.94140625,69.3359375
69.82421875,66.89453125,64.453125,64.94140625,69.3359375
69.82421875,66.89453125,64.453125,64.94140625,69.3359375
69.82421875,66.89453125,64.453125,64.94140625,69.3359375